order_id,order_date,city,category,product,quantity,unit_price,total_amount,customer_id
1347,2024-11-23,LA,Toys,Puzzle,1,19.38,19.38,101
2286,2025-03-15,CHI,Grocery,Snack Box,2,9.57,19.14,16
2842,2024-05-01,SF,Grocery,Coffee Beans,1,12.29,12.29,467
1898,2024-01-11,SF,Electronics,Laptop,2,1020.12,2040.24,176
1893,2024-12-18,CHI,Clothing,Jacket,1,127.55,127.55,268
1749,2024-12-17,LA,Toys,Action Figure,1,12.71,12.71,50
2263,2025-10-28,SF,Clothing,Jacket,1,102.48,102.48,398
104,2024-11-25,SF,Electronics,Laptop,2,963.32,1926.64,296
401,2024-12-30,CHI,Home,Blender,1,39.48,39.48,263
1488,2025-05-15,NY,Electronics,Phone Case,1,15.17,15.17,190
865,2025-09-03,SF,Home,Blender,4,49.28,197.12,89
2521,2025-12-24,NY,Grocery,Snack Box,5,10.18,50.9,494
804,2024-11-20,SF,Home,Lamp,2,29.27,58.54,442
1833,2024-11-16,LA,Toys,Action Figure,3,12.0,36.0,117
2374,2024-11-21,CHI,Toys,Board Game,1,25.16,25.16,16
134,2025-12-24,LA,Electronics,Phone Case,1,15.66,15.66,47
2616,2025-12-29,SF,Home,Cookware Set,4,89.15,356.6,276
2224,2025-12-18,LA,Clothing,T-Shirt,2,18.94,37.88,350
637,2024-12-21,CHI,Clothing,Jeans,3,62.95,188.85,376
618,2024-08-20,CHI,Grocery,Olive Oil,2,24.7,49.4,158
2011,2025-11-11,SF,Grocery,Olive Oil,1,20.93,20.93,272
2767,2025-06-24,SF,Electronics,Phone Case,1,13.46,13.46,222
363,2025-08-02,SF,Home,Lamp,2,28.54,57.08,458
2968,2024-01-06,CHI,Grocery,Coffee Beans,,13.64,27.28,489
2912,2025-10-14,SF,Grocery,Coffee Beans,4,13.42,53.68,42
1014,2025-08-13,LA,Grocery,Coffee Beans,2,12.71,25.42,385
13,2024-08-12,LA,Grocery,Olive Oil,1,24.63,24.63,261
1686,2025-11-14,NY,Home,Blender,1,48.82,48.82,277
1089,2024-12-19,CHI,Grocery,Coffee Beans,1,14.28,14.28,196
1010,2025-04-16,CHI,Grocery,Coffee Beans,2,15.1,30.2,77
1119,2025-01-26,LA,Home,Blender,2,46.47,92.94,258
2218,2025-07-05,SF,Grocery,Snack Box,3,9.75,29.25,442
2173,2024-11-08,CHI,Grocery,Coffee Beans,1,15.99,15.99,105
1649,2024-11-06,SF,Home,Blender,2,50.84,101.68,75
2566,2024-02-25,LA,Electronics,Headphones,1,42.68,42.68,460
1223,2024-12-18,NY,Electronics,Headphones,1,43.51,43.51,393
455,2024-11-06,LA,Clothing,Jeans,2,59.11,118.22,439
781,2025-11-14,SF,Toys,Action Figure,2,12.97,25.94,132
118,2025-12-02,SF,Home,Blender,1,51.49,51.49,382
2964,2025-03-04,CHI,Home,Lamp,2,32.48,64.96,307
1752,2025-12-04,LA,Home,Blender,1,50.12,50.12,1
666,2025-02-08,LA,Clothing,T-Shirt,1,19.89,19.89,288
1637,2025-11-24,NY,Toys,Board Game,2,21.55,43.1,464
919,2024-09-16,SF,Electronics,Phone Case,2,16.88,33.76,328
1680,2024-03-07,SF,Electronics,Laptop,1,862.31,862.31,118
2879,2025-12-02,LA,Grocery,Coffee Beans,1,15.35,15.35,426
2261,2025-12-22,CHI,Clothing,T-Shirt,3,17.73,53.19,478
2056,2025-12-05,SF,Electronics,Phone Case,1,14.81,14.81,144
1667,2024-06-04,NY,Home,Lamp,4,29.56,118.24,94
2413,2024-04-28,NY,Clothing,Jacket,5,111.26,556.3,492
1965,2025-11-24,CHI,Electronics,Laptop,3,889.41,2668.23,282
625,2024-11-24,NY,Toys,Action Figure,2,12.72,25.44,78
492,2024-05-13,CHI,Toys,Action Figure,4,12.4,49.6,58
1027,2025-11-24,NY,Toys,Action Figure,1,13.23,13.23,154
705,2025-11-08,SF,Clothing,Jacket,2,125.74,251.48,318
2753,2024-11-03,CHI,Clothing,Jeans,3,51.59,154.77,8
702,2024-11-11,SF,Clothing,T-Shirt,1,21.61,21.61,374
1474,2025-03-07,LA,Home,Lamp,1,28.32,28.32,295
225,2024-11-26,LA,Electronics,Phone Case,1,13.44,13.44,178
1958,2024-12-06,NY,Home,Blender,1,49.84,49.84,119
1903,2024-04-06,SF,Clothing,Jacket,2,131.9,263.8,124
1945,2024-06-18,LA,Clothing,Jeans,2,50.4,100.8,144
409,2024-01-20,SF,Grocery,Coffee Beans,3,14.55,43.65,246
722,2025-01-19,LA,Clothing,Jeans,1,60.62,60.62,293
1129,2025-04-04,LA,Clothing,Jacket,1,110.96,110.96,140
1113,2025-07-08,CHI,Grocery,Snack Box,1,9.07,9.07,62
2351,2024-06-26,SF,Toys,Puzzle,4,15.99,63.96,228
812,2024-11-02,NY,Clothing,Jeans,2,58.63,117.26,144
2368,2024-12-08,NY,Grocery,Coffee Beans,3,13.79,41.37,76
2934,2024-12-09,LA,Toys,Board Game,1,22.89,22.89,257
71,2025-11-15,CHI,Home,Lamp,1,29.87,29.87,371
771,2025-12-01,SF,Grocery,Coffee Beans,3,13.5,40.5,475
1744,2024-12-04,LA,Toys,Action Figure,2,12.14,24.28,292
352,2025-03-27,CHI,Grocery,Olive Oil,3,22.28,66.84,53
1553,2024-11-25,LA,Toys,Board Game,1,22.12,22.12,404
298,2024-11-13,LA,Grocery,Snack Box,2,10.24,20.48,256
1023,2024-11-10,CHI,Electronics,Laptop,2,914.6,1829.2,229
608,2024-06-20,SF,Home,Lamp,1,31.19,31.19,216
2994,2025-08-05,LA,Toys,Action Figure,5,11.63,58.15,97
2979,2025-10-12,LA,Electronics,Headphones,2,41.5,83.0,473
1140,2025-12-24,NY,Electronics,Phone Case,1,15.95,15.95,266
1182,2025-12-09,NY,Electronics,Headphones,2,39.87,79.74,407
700,2025-12-24,LA,Electronics,Headphones,2,35.37,70.74,194
303,2024-12-18,SF,Toys,Board Game,2,21.3,42.6,9
1070,2024-02-17,,Grocery,Olive Oil,1,25.15,25.15,438
2522,2025-12-25,SF,Toys,Puzzle,2,19.59,-39.18,274
2960,2024-07-27,LA,Grocery,Coffee Beans,1,13.66,13.66,238
1828,2024-12-20,CHI,Electronics,Headphones,1,36.24,36.24,260
2348,2025-11-04,NY,Toys,Action Figure,3,11.64,34.92,91
596,2025-11-15,NY,Grocery,Olive Oil,2,21.86,43.72,358
2629,2024-11-18,NY,Electronics,Headphones,1,37.86,37.86,479
1911,2024-11-15,CHI,Toys,Puzzle,1,20.42,20.42,188
619,2024-01-01,LA,Home,Lamp,1,27.84,27.84,177
2369,2024-09-18,CHI,Grocery,Olive Oil,2,25.04,50.08,412
715,2025-07-27,LA,Grocery,Olive Oil,1,21.43,21.43,6
712,2025-09-30,LA,Grocery,Olive Oil,2,20.41,40.82,315
2047,2025-11-13,CHI,Toys,Board Game,1,25.85,25.85,467
146,2024-11-19,LA,Home,Blender,3,51.6,154.8,417
709,2025-01-23,CHI,Electronics,Headphones,1,43.22,43.22,432
1924,2025-02-20,LA,Clothing,Jeans,3,56.9,170.7,124
2750,2025-11-01,SF,Grocery,Olive Oil,,24.54,49.08,162
2484,2024-11-14,NY,Grocery,Olive Oil,1,19.67,19.67,337
1079,2024-10-06,LA,Toys,Action Figure,2,11.52,23.04,227
2334,2025-01-25,NY,Grocery,Snack Box,4,9.82,39.28,168
717,2024-12-07,SF,Grocery,Olive Oil,1,23.76,23.76,203
2202,2024-11-09,NY,Clothing,Jacket,4,136.58,546.32,351
2493,2025-07-02,,Electronics,Headphones,1,38.12,38.12,294
2254,2024-11-21,LA,Clothing,Jacket,4,122.54,490.16,399
1567,2025-09-03,LA,Electronics,Headphones,4,40.15,160.6,488
2107,2024-05-13,CHI,Home,Blender,4,38.53,154.12,110
1253,2024-09-08,CHI,Grocery,Coffee Beans,1,12.19,12.19,52
692,2024-02-12,CHI,Home,Lamp,2,33.49,66.98,369
1267,2025-12-11,CHI,Toys,Action Figure,2,11.35,22.7,309
2162,2024-12-15,CHI,Clothing,T-Shirt,1,21.38,21.38,307
920,2025-03-29,CHI,Home,Cookware Set,4,75.36,301.44,475
1061,2025-11-15,NY,Grocery,Snack Box,2,11.39,22.78,254
1082,2024-11-28,SF,Home,Cookware Set,2,93.05,186.1,5
1555,2024-05-23,CHI,Electronics,Laptop,1,955.6,955.6,116
183,2025-11-09,CHI,Clothing,Jeans,2,51.87,103.74,67
2235,2024-11-17,CHI,Clothing,Jeans,2,49.3,98.6,196
333,2025-08-31,NY,Electronics,Laptop,3,954.44,2863.32,56
1092,2024-12-22,NY,Clothing,T-Shirt,5,17.42,87.1,233
1504,2025-11-09,CHI,Home,Lamp,2,29.02,58.04,373
231,2025-03-01,LA,Toys,Board Game,1,26.41,26.41,175
2977,2025-11-24,CHI,Toys,Puzzle,1,16.79,16.79,440
1861,2025-07-15,LA,Toys,Puzzle,2,19.56,39.12,230
28,2024-12-05,CHI,Toys,Puzzle,4,17.13,68.52,94
2800,2025-12-21,CHI,Toys,Board Game,3,25.07,75.21,479
151,2025-03-12,CHI,Electronics,Headphones,3,45.98,137.94,365
1701,2025-09-07,NY,Electronics,Headphones,1,42.8,42.8,410
2628,2024-07-17,LA,Home,Blender,2,48.35,96.7,447
2870,2025-02-27,NY,Grocery,Coffee Beans,4,12.69,50.76,49
1977,2025-11-15,CHI,Grocery,Olive Oil,1,20.99,20.99,222
2462,2025-11-06,LA,Electronics,Phone Case,3,13.37,40.11,315
1619,2025-09-13,NY,Toys,Action Figure,2,13.38,26.76,225
2862,2024-09-20,SF,Home,Cookware Set,2,94.02,188.04,99
855,2025-11-01,NY,Toys,Board Game,4,26.15,104.6,392
952,2024-09-02,CHI,Grocery,Olive Oil,1,19.31,19.31,46
2695,2024-06-23,SF,Grocery,Snack Box,1,9.87,9.87,422
2749,2024-12-19,NY,Electronics,Phone Case,1,14.78,14.78,381
1693,2025-08-16,NY,Clothing,Jeans,2,53.71,107.42,383
1439,2024-11-08,CHI,Clothing,Jeans,1,53.95,53.95,383
2995,2025-09-07,LA,Home,Lamp,,30.99,61.98,302
2779,2024-11-12,LA,Home,Lamp,3,30.01,90.03,499
2042,2025-12-02,CHI,Electronics,Headphones,4,34.82,139.28,415
1657,2025-11-11,CHI,Grocery,Olive Oil,1,21.59,21.59,423
2265,2025-08-13,LA,Grocery,Coffee Beans,4,15.77,63.08,77
330,2025-02-22,LA,Home,Cookware Set,3,74.01,222.03,325
751,2024-12-04,SF,Clothing,Jeans,4,47.78,191.12,444
2811,2024-10-10,CHI,Grocery,Coffee Beans,2,14.94,29.88,275
883,2024-08-24,LA,Toys,Board Game,2,22.17,44.34,16
2052,2025-11-15,LA,Clothing,Jacket,2,105.99,211.98,76
19,2024-11-10,LA,Home,Lamp,4,25.68,102.72,30
2076,2024-02-16,LA,Home,Blender,1,40.57,40.57,424
179,2025-11-15,NY,Grocery,Snack Box,2,9.06,18.12,416
2822,2025-12-17,LA,Home,Blender,1,46.74,46.74,362
710,2025-12-12,SF,Grocery,Coffee Beans,1,13.13,13.13,169
2194,2025-09-30,CHI,Grocery,Snack Box,2,9.98,19.96,259
1413,2025-04-15,LA,Clothing,Jeans,2,57.57,115.14,143
1723,2025-04-14,SF,Clothing,Jeans,1,54.11,54.11,394
647,2025-03-01,NY,Electronics,Laptop,4,915.67,3662.68,422
1268,2024-09-08,CHI,Home,Blender,2,49.08,98.16,276
1531,2025-03-12,SF,Electronics,Headphones,3,37.29,111.87,189
947,2024-12-22,NY,Electronics,Phone Case,1,16.2,16.2,455
2664,2024-11-06,SF,Electronics,Headphones,4,36.77,147.08,68
2836,2025-12-12,NY,Clothing,Jeans,3,60.75,182.25,318
252,2025-10-20,SF,Home,Cookware Set,3,91.94,275.82,313
554,2024-11-02,LA,Home,Blender,2,41.2,82.4,266
2454,2025-12-27,LA,Electronics,Phone Case,1,15.43,15.43,116
46,2024-12-28,CHI,Home,Blender,2,47.46,94.92,499
217,2024-10-19,CHI,Home,Cookware Set,5,83.63,418.15,103
822,2024-12-06,NY,Electronics,Phone Case,4,13.07,52.28,152
461,2025-12-09,SF,Electronics,Laptop,5,782.24,3911.2,97
552,2025-09-20,LA,Electronics,Phone Case,5,13.82,69.1,229
1655,2025-11-06,CHI,Grocery,Olive Oil,4,24.98,99.92,353
2125,2024-05-06,,Electronics,Headphones,1,37.73,37.73,56
128,2025-11-26,CHI,Grocery,Coffee Beans,2,12.88,25.76,462
2981,2025-11-27,CHI,Clothing,Jacket,5,111.11,555.55,461
2195,2024-11-16,NY,Toys,Puzzle,3,19.87,59.61,405
2160,2024-11-25,NY,Home,Blender,2,42.21,84.42,233
2532,2025-03-14,SF,Clothing,Jacket,1,125.75,125.75,37
2873,2024-10-25,LA,Electronics,Laptop,4,950.02,3800.08,95
2210,2025-12-03,SF,Clothing,Jeans,1,59.84,59.84,151
1170,2024-03-01,SF,Clothing,Jeans,5,51.56,257.8,79
783,2025-09-16,CHI,Toys,Board Game,4,24.94,99.76,56
2531,2025-12-09,NY,Home,Lamp,3,26.07,78.21,410
869,2024-04-08,LA,Home,Blender,2,39.14,78.28,301
504,2025-11-07,NY,Electronics,Headphones,2,44.76,89.52,477
2086,2024-11-11,NY,Electronics,Phone Case,2,16.61,33.22,133
2605,2024-07-05,LA,Toys,Action Figure,3,11.13,33.39,82
1918,2024-12-16,CHI,Clothing,Jeans,4,61.94,247.76,110
288,2024-11-03,CHI,Grocery,Olive Oil,2,23.3,46.6,95
609,2024-11-11,SF,Grocery,Snack Box,4,9.71,38.84,335
1786,2024-01-04,CHI,Clothing,T-Shirt,1,21.11,21.11,394
188,2024-11-24,CHI,Home,Cookware Set,1,75.59,75.59,23
1668,2025-03-18,CHI,Grocery,Olive Oil,3,21.7,65.1,295
516,2025-12-04,LA,Electronics,Phone Case,1,16.28,16.28,381
1791,2024-11-03,LA,Clothing,Jeans,2,58.96,117.92,22
347,2025-11-18,LA,Toys,Action Figure,2,12.35,24.7,251
2449,2025-11-25,SF,Clothing,Jacket,1,135.39,135.39,491
20,2025-05-12,LA,Clothing,Jacket,1,136.09,136.09,66
1150,2024-01-08,SF,Grocery,Coffee Beans,2,12.31,24.62,478
650,2025-07-25,NY,Clothing,Jacket,1,124.51,124.51,393
1273,2025-12-19,NY,Electronics,Phone Case,1,17.09,17.09,340
1787,2024-02-06,NY,Grocery,Coffee Beans,3,15.5,46.5,11
752,2025-12-13,CHI,Electronics,Headphones,2,39.18,78.36,223
161,2024-11-12,SF,Home,Blender,3,40.69,122.07,180
167,2024-11-25,LA,Clothing,Jeans,1,62.99,62.99,392
1457,2025-10-15,LA,Electronics,Laptop,1,774.99,774.99,210
2976,2024-12-13,LA,Clothing,Jacket,2,120.28,240.56,329
2005,2025-11-02,NY,Clothing,Jeans,1,57.58,57.58,431
435,2024-09-26,SF,Home,Lamp,2,28.82,57.64,116
759,2024-12-15,NY,Home,Blender,5,46.08,230.4,268
374,2025-11-26,LA,Home,Blender,2,45.24,90.48,254
2674,2025-12-23,SF,Home,Cookware Set,3,88.63,265.89,284
1580,2025-02-18,NY,Electronics,Laptop,1,950.24,950.24,83
1390,2025-12-27,NY,Toys,Action Figure,1,10.43,10.43,28
1296,2025-12-17,CHI,Home,Cookware Set,5,93.79,468.95,135
366,2024-02-23,SF,Electronics,Laptop,2,944.42,1888.84,372
873,2024-07-04,CHI,Grocery,Coffee Beans,5,13.75,68.75,218
1166,2025-12-26,LA,Electronics,Phone Case,3,15.16,45.48,267
2846,2025-12-09,LA,Clothing,Jacket,2,115.4,230.8,193
37,2025-07-30,NY,Home,Blender,2,38.38,76.76,276
2563,2025-12-07,SF,Clothing,T-Shirt,3,22.16,66.48,323
2312,2025-08-15,CHI,Grocery,Coffee Beans,3,13.85,41.55,341
2831,2025-11-15,CHI,Grocery,Coffee Beans,1,15.22,15.22,283
2828,2025-11-20,SF,Electronics,Headphones,2,43.58,87.16,402
2203,2025-12-13,LA,Home,Blender,1,45.45,45.45,496
527,2025-12-15,LA,Clothing,Jacket,5,121.1,605.5,464
2301,2025-07-07,NY,Clothing,Jeans,2,47.59,95.18,46
2264,2024-12-01,CHI,Grocery,Coffee Beans,3,12.53,37.59,321
2927,2025-11-14,SF,Clothing,Jeans,2,48.64,97.28,71
1552,2025-08-04,NY,Home,Cookware Set,1,81.19,81.19,290
1192,2024-03-17,SF,Home,Lamp,2,26.66,53.32,196
2441,2024-11-10,SF,Clothing,Jacket,3,108.98,326.94,442
2159,2024-11-13,NY,Grocery,Olive Oil,3,24.14,72.42,314
583,2025-12-21,NY,Toys,Action Figure,2,12.31,24.62,471
533,2024-11-26,SF,Clothing,T-Shirt,1,19.76,19.76,286
2378,2025-11-18,CHI,Electronics,Headphones,2,40.1,80.2,367
2481,2024-08-09,LA,Electronics,Headphones,1,37.55,37.55,471
242,2024-12-26,CHI,Grocery,Snack Box,1,9.7,9.7,266
1609,2024-12-25,CHI,Toys,Board Game,1,28.18,28.18,336
248,2025-11-02,NY,Toys,Board Game,3,25.18,75.54,98
262,2024-10-23,NY,Toys,Board Game,5,28.27,141.35,153
442,2024-10-09,NY,Toys,Puzzle,1,17.45,17.45,403
1975,2025-11-05,SF,Toys,Board Game,1,23.89,23.89,31
2088,2025-10-01,CHI,Clothing,Jacket,2,124.9,249.8,370
2613,2025-07-05,NY,Clothing,T-Shirt,1,21.34,21.34,23
468,2024-04-30,NY,Home,Lamp,1,27.85,27.85,242
2127,2024-08-08,LA,Toys,Board Game,3,22.53,67.59,38
1691,2025-11-08,LA,Clothing,T-Shirt,3,20.96,62.88,129
950,2024-02-14,CHI,Home,Cookware Set,1,89.03,89.03,167
1607,2024-04-18,SF,Grocery,Olive Oil,1,20.81,20.81,258
1869,2025-06-08,LA,Electronics,Laptop,2,927.91,1855.82,95
1184,2025-11-13,CHI,Grocery,Coffee Beans,1,12.32,12.32,33
2620,2024-12-01,CHI,Grocery,Olive Oil,1,20.31,20.31,327
1458,2025-09-16,NY,Electronics,Phone Case,1,16.97,16.97,226
1407,2025-11-04,LA,Clothing,Jacket,1,102.78,102.78,88
2232,2024-12-19,NY,Toys,Board Game,2,22.78,45.56,273
2978,2024-11-17,LA,Electronics,Headphones,2,43.6,87.2,431
250,2024-03-04,LA,Grocery,Snack Box,4,11.26,45.04,288
2026,2025-09-27,NY,Clothing,Jacket,3,136.02,408.06,33
1381,2025-01-08,SF,Home,Cookware Set,2,78.81,157.62,155
2213,2025-12-14,NY,Electronics,Phone Case,,13.95,41.85,146
571,2025-11-23,NY,Clothing,T-Shirt,4,18.7,74.8,296
1983,2024-03-22,SF,Toys,Board Game,2,28.19,56.38,316
2938,2024-12-11,SF,Electronics,Headphones,1,41.15,41.15,247
1804,2025-09-30,CHI,Clothing,T-Shirt,1,18.85,18.85,244
2388,2024-10-28,CHI,Grocery,Coffee Beans,2,13.71,27.42,274
994,2025-11-17,SF,Toys,Board Game,1,27.86,27.86,110
953,2024-10-18,LA,Electronics,Headphones,3,35.96,107.88,62
1610,2025-10-30,CHI,Clothing,Jacket,1,134.66,134.66,211
1645,2025-11-07,NY,Electronics,Laptop,1,946.7,946.7,391
1556,2024-12-09,NY,Clothing,Jeans,1,61.33,61.33,251
2226,2025-12-07,LA,Grocery,Snack Box,2,9.97,19.94,217
959,2024-04-20,CHI,Electronics,Phone Case,1,13.09,13.09,49
2936,2025-07-26,SF,Clothing,Jeans,1,60.64,60.64,353
1344,2024-11-23,SF,Home,Lamp,1,26.81,26.81,110
1544,2025-12-09,NY,Home,Blender,2,46.99,93.98,498
1494,2025-07-25,NY,Electronics,Phone Case,1,16.32,16.32,486
404,2025-12-27,NY,Clothing,Jeans,2,52.89,105.78,12
743,2024-06-11,CHI,Grocery,Olive Oil,1,20.27,20.27,34
2670,2024-04-08,LA,Grocery,Coffee Beans,1,14.42,14.42,274
2788,2024-11-20,NY,Clothing,T-Shirt,2,19.07,38.14,396
1917,2025-08-22,SF,Grocery,Coffee Beans,2,12.37,24.74,451
1042,2024-11-26,CHI,Toys,Puzzle,2,18.93,37.86,433
446,2025-05-01,SF,Toys,Action Figure,1,12.69,12.69,11
2781,2025-02-26,CHI,Home,Blender,1,42.62,42.62,165
2656,2025-07-06,LA,Grocery,Coffee Beans,1,15.13,15.13,448
894,2024-11-15,NY,Electronics,Phone Case,1,13.85,13.85,467
725,2024-02-08,NY,Grocery,Olive Oil,1,19.86,19.86,228
1836,2024-06-01,NY,Clothing,Jeans,4,53.04,212.16,223
1848,2024-12-25,LA,Toys,Action Figure,4,12.37,49.48,406
2172,2025-11-28,CHI,Home,Cookware Set,5,73.5,367.5,151
832,2024-06-03,NY,Clothing,Jeans,1,48.6,48.6,151
1472,2025-12-08,LA,Grocery,Coffee Beans,2,15.74,31.48,474
2899,2024-01-27,CHI,Toys,Board Game,1,27.98,27.98,62
2314,2024-02-15,LA,Electronics,Phone Case,1,14.66,14.66,91
2782,2025-08-18,SF,Toys,Puzzle,1,18.58,18.58,442
1203,2024-02-24,SF,Clothing,T-Shirt,3,19.27,57.81,363
2091,2025-10-14,NY,Electronics,Headphones,3,37.87,113.61,353
2588,2025-05-02,CHI,Grocery,Olive Oil,5,23.52,117.6,165
2533,2024-12-03,CHI,Electronics,Phone Case,2,16.2,32.4,140
386,2024-12-13,LA,Grocery,Coffee Beans,4,12.08,48.32,92
1099,2025-11-05,LA,Grocery,Snack Box,1,9.8,9.8,358
1719,2025-09-10,CHI,Clothing,Jeans,3,56.32,168.96,368
701,2024-12-09,LA,Grocery,Olive Oil,1,18.99,18.99,84
2343,2025-06-02,NY,Home,Lamp,1,34.18,34.18,218
1428,2025-12-21,SF,Clothing,Jeans,1,61.97,61.97,35
538,2025-11-24,SF,Grocery,Olive Oil,1,25.04,25.04,491
1928,2025-08-26,LA,Toys,Action Figure,3,12.93,38.79,241
81,2025-04-15,CHI,Toys,Board Game,1,24.5,24.5,91
2802,2024-10-03,SF,Toys,Puzzle,4,17.69,70.76,243
1237,2024-12-25,SF,Toys,Board Game,1,25.25,25.25,459
2330,2025-07-13,NY,Grocery,Snack Box,2,10.76,21.52,444
1821,2024-08-30,NY,Electronics,Headphones,1,38.48,38.48,5
201,2025-11-17,SF,Toys,Board Game,1,25.86,25.86,35
1840,2024-08-28,CHI,Home,Cookware Set,1,84.41,84.41,412
1506,2025-11-24,NY,Clothing,Jacket,5,105.97,529.85,411
1647,2024-12-26,LA,Grocery,Coffee Beans,1,14.3,14.3,437
1288,2025-11-07,LA,Clothing,T-Shirt,1,21.09,21.09,394
2196,2025-11-12,NY,Grocery,Olive Oil,1,23.2,23.2,357
2422,2024-01-10,SF,Toys,Board Game,1,22.79,22.79,462
2535,2024-11-26,LA,Home,Lamp,1,30.42,30.42,10
2806,2024-12-26,CHI,Toys,Puzzle,2,19.37,38.74,432
531,2025-11-17,LA,Grocery,Snack Box,1,8.52,8.52,443
2661,2025-12-18,SF,Home,Lamp,2,28.14,56.28,222
1452,2025-11-25,SF,Electronics,Headphones,5,40.64,203.2,440
2051,2024-11-19,NY,Electronics,Phone Case,1,13.07,13.07,334
165,2025-11-12,CHI,Toys,Puzzle,2,17.59,35.18,57
2252,2024-08-29,NY,Electronics,Headphones,5,34.21,171.05,418
535,2024-01-07,NY,Home,Blender,1,43.51,43.51,388
2805,2024-11-10,NY,Clothing,Jeans,3,61.01,183.03,158
768,2025-05-22,CHI,Electronics,Headphones,3,41.15,123.45,395
2942,2025-10-29,SF,Toys,Board Game,2,25.32,50.64,450
365,2025-12-03,SF,Toys,Board Game,4,28.72,114.88,129
1382,2025-09-02,SF,Home,Cookware Set,4,92.0,368.0,352
2921,2024-11-01,CHI,Clothing,Jacket,1,124.29,124.29,48
1180,2025-01-19,NY,Home,Cookware Set,1,87.45,87.45,399
2746,2025-07-10,NY,Clothing,T-Shirt,1,20.43,20.43,174
1779,2025-11-08,CHI,Toys,Board Game,1,22.09,22.09,316
1805,2025-11-06,CHI,Home,Cookware Set,1,76.72,76.72,61
496,2025-07-25,NY,Home,Cookware Set,1,89.5,89.5,6
2048,2024-05-07,SF,Grocery,Olive Oil,2,20.48,40.96,332
2486,2025-04-16,LA,Clothing,Jacket,5,136.76,683.8,456
975,2025-11-20,SF,Home,Cookware Set,5,90.39,451.95,408
639,2024-07-10,SF,Home,Cookware Set,1,90.02,90.02,375
1282,2024-12-09,NY,Home,Blender,1,39.66,39.66,123
2737,2024-02-27,CHI,Electronics,Laptop,1,969.65,969.65,354
2234,2025-01-06,,Clothing,Jeans,1,54.67,54.67,248
2565,2025-03-19,CHI,Clothing,T-Shirt,1,17.26,17.26,476
2732,2025-01-02,LA,Toys,Board Game,2,25.36,50.72,375
1073,2025-10-22,SF,Grocery,Coffee Beans,1,12.6,12.6,256
383,2024-11-24,SF,Toys,Action Figure,3,12.08,36.24,376
1009,2024-12-11,CHI,Toys,Puzzle,2,16.97,33.94,244
2037,2024-01-27,SF,Toys,Action Figure,2,12.86,25.72,95
2062,2024-11-25,LA,Electronics,Phone Case,1,17.06,17.06,322
2996,2025-07-20,CHI,Grocery,Snack Box,1,10.14,10.14,285
1675,2025-03-30,LA,Toys,Board Game,1,27.51,27.51,195
162,2025-11-03,LA,Electronics,Headphones,2,44.44,88.88,193
2706,2025-12-24,NY,Toys,Action Figure,1,12.31,12.31,387
2079,2024-06-11,NY,Toys,Board Game,3,26.41,79.23,88
2147,2024-02-01,LA,Toys,Puzzle,3,15.94,47.82,384
1225,2024-09-10,LA,Home,Lamp,3,29.87,89.61,128
2363,2024-11-11,LA,Clothing,T-Shirt,3,18.53,55.59,137
2352,2025-02-22,LA,Electronics,Laptop,5,885.45,4427.25,327
127,2025-11-30,,Clothing,T-Shirt,1,20.66,20.66,255
1293,2024-09-21,SF,Electronics,Headphones,3,36.15,108.45,391
443,2025-11-04,NY,Grocery,Snack Box,2,10.07,20.14,403
1769,2024-08-14,NY,Clothing,T-Shirt,1,19.74,19.74,366
1334,2025-12-04,LA,Home,Lamp,2,29.86,59.72,311
1526,2024-11-26,SF,Home,Cookware Set,2,94.93,189.86,266
1478,2024-12-19,NY,Toys,Puzzle,3,18.31,54.93,370
2191,2025-07-11,CHI,Toys,Board Game,1,23.93,23.93,245
2064,2024-11-09,CHI,Home,Blender,1,44.74,44.74,129
834,2024-08-25,SF,Electronics,Laptop,1,816.05,816.05,211
2318,2024-09-28,CHI,Grocery,Olive Oil,1,21.23,21.23,14
785,2025-12-05,NY,Electronics,Headphones,3,34.84,104.52,478
2406,2024-12-01,LA,Electronics,Laptop,2,1019.6,2039.2,433
452,2025-01-04,SF,Electronics,Headphones,1,34.4,34.4,189
397,2024-12-28,SF,Grocery,Snack Box,2,8.69,17.38,475
891,2025-11-23,SF,Home,Lamp,1,30.82,30.82,393
90,2025-06-21,NY,Toys,Action Figure,5,12.81,64.05,427
2050,2024-11-08,LA,Clothing,Jacket,5,122.89,614.45,382
2405,2025-12-01,CHI,Home,Cookware Set,1,83.79,83.79,34
2864,2024-03-19,NY,Home,Lamp,2,27.79,55.58,124
2046,2024-07-11,LA,Electronics,Phone Case,1,15.1,15.1,31
578,2024-05-28,CHI,Toys,Puzzle,1,15.33,15.33,46
707,2024-11-06,SF,Grocery,Snack Box,4,9.4,37.6,313
2023,2024-10-03,NY,Clothing,T-Shirt,3,21.67,65.01,392
273,2025-11-06,SF,Grocery,Coffee Beans,2,12.16,24.32,438
1857,2024-01-27,SF,Clothing,Jeans,1,60.47,60.47,203
2469,2025-11-29,NY,Electronics,Laptop,1,833.44,833.44,177
1270,2024-01-18,CHI,Electronics,Headphones,1,38.34,38.34,491
1331,2024-04-13,NY,Toys,Action Figure,1,13.49,13.49,212
441,2025-12-11,NY,Toys,Board Game,2,28.66,57.32,45
2860,2024-12-26,NY,Electronics,Phone Case,1,14.26,14.26,352
138,2024-09-27,CHI,Grocery,Olive Oil,1,19.3,19.3,189
1477,2024-12-14,SF,Electronics,Laptop,1,771.46,771.46,66
204,2024-02-15,SF,Electronics,Phone Case,1,16.06,16.06,417
314,2025-09-20,CHI,Toys,Board Game,1,27.54,27.54,497
2931,2025-06-07,NY,Electronics,Laptop,1,853.5,853.5,45
83,2024-12-08,CHI,Grocery,Olive Oil,1,20.83,20.83,292
2163,2025-04-04,CHI,Home,Lamp,3,26.96,80.88,391
1086,2024-05-22,LA,Toys,Action Figure,1,13.27,13.27,157
1862,2024-11-02,LA,Clothing,T-Shirt,4,21.58,86.32,246
1890,2025-12-18,LA,Electronics,Laptop,4,901.72,3606.88,436
246,2025-12-05,NY,Grocery,Olive Oil,3,23.96,71.88,306
100,2025-11-08,LA,Clothing,Jeans,2,59.75,119.5,218
1639,2025-12-04,CHI,Electronics,Phone Case,1,16.72,16.72,43
1395,2024-05-18,LA,Grocery,Coffee Beans,1,14.77,14.77,155
1776,2024-09-19,CHI,Clothing,Jacket,4,113.79,455.16,146
2044,2025-12-18,NY,Home,Blender,4,40.75,163.0,323
1479,2025-04-04,CHI,Electronics,Headphones,1,42.86,42.86,380
626,2024-12-24,NY,Electronics,Phone Case,5,12.85,64.25,120
2208,2025-11-27,NY,Home,Blender,1,38.35,38.35,468
1376,2024-12-05,NY,Clothing,T-Shirt,1,18.89,18.89,342
486,2024-02-10,SF,Home,Lamp,3,25.95,77.85,411
1783,2025-11-20,SF,Clothing,Jeans,2,57.61,115.22,286
2367,2025-01-05,CHI,Electronics,Phone Case,2,13.7,27.4,309
36,2024-09-28,SF,Home,Blender,1,47.29,47.29,235
1024,2024-05-25,LA,Electronics,Phone Case,3,15.0,45.0,401
721,2024-12-28,NY,Grocery,Coffee Beans,2,12.77,25.54,497
1587,2024-01-25,LA,Toys,Action Figure,3,12.63,37.89,151
115,2024-12-11,SF,Clothing,Jacket,4,120.3,481.2,421
1039,2025-09-09,NY,Clothing,Jacket,2,128.6,257.2,302
1038,2025-08-05,LA,Clothing,Jacket,4,116.26,465.04,283
434,2024-04-03,CHI,Toys,Action Figure,2,11.96,23.92,95
937,2025-09-12,NY,Home,Blender,1,44.61,44.61,3
1846,2025-05-15,NY,Grocery,Snack Box,3,9.21,27.63,161
1297,2024-09-07,NY,Electronics,Phone Case,1,17.15,17.15,80
2599,2024-11-13,LA,Grocery,Olive Oil,1,19.9,19.9,193
23,2024-12-12,NY,Grocery,Olive Oil,1,19.5,19.5,302
1252,2024-11-06,CHI,Grocery,Olive Oil,1,24.93,24.93,352
2924,2024-05-12,LA,Toys,Board Game,2,24.81,49.62,363
2672,2024-05-10,NY,Grocery,Coffee Beans,1,11.91,11.91,477
633,2024-12-11,NY,Home,Blender,1,49.91,49.91,86
904,2025-08-13,CHI,Electronics,Phone Case,4,15.91,63.64,138
1508,2024-06-09,CHI,Electronics,Phone Case,2,13.7,27.4,441
124,2025-12-21,NY,Electronics,Laptop,3,1029.15,3087.45,228
1535,2024-01-03,LA,Grocery,Snack Box,1,11.23,11.23,47
1894,2025-12-05,NY,Toys,Board Game,3,25.58,76.74,116
487,2024-11-22,LA,Home,Lamp,1,32.15,32.15,169
936,2025-11-18,NY,Clothing,Jacket,2,115.81,231.62,27
884,2025-11-25,NY,Electronics,Phone Case,1,12.99,12.99,498
1729,2025-10-19,LA,Clothing,Jacket,2,113.18,226.36,204
2013,2025-08-26,NY,Toys,Board Game,1,23.38,23.38,243
194,2024-08-15,SF,Grocery,Coffee Beans,1,15.39,15.39,477
811,2024-12-06,CHI,Toys,Puzzle,4,17.92,71.68,192
2364,2024-11-08,NY,Grocery,Coffee Beans,1,13.29,13.29,19
473,2024-07-23,NY,Toys,Action Figure,1,11.58,11.58,457
864,2024-01-18,SF,Toys,Board Game,1,22.12,22.12,354
312,2025-11-24,SF,Grocery,Coffee Beans,3,14.28,42.84,197
809,2025-12-08,NY,Clothing,Jacket,2,118.01,236.02,167
79,2024-12-28,NY,Clothing,T-Shirt,3,20.55,61.65,408
184,2025-01-20,SF,Grocery,Snack Box,1,11.31,11.31,417
2266,2025-12-12,CHI,Grocery,Olive Oil,1,21.18,21.18,430
354,2024-12-25,CHI,Clothing,T-Shirt,2,21.86,43.72,85
515,2024-06-13,SF,Clothing,T-Shirt,1,21.02,21.02,75
1774,2025-11-21,CHI,Toys,Action Figure,4,11.2,44.8,22
916,2025-11-16,SF,Electronics,Headphones,1,36.57,36.57,359
1603,2025-08-01,NY,Clothing,Jacket,2,123.06,246.12,385
2928,2024-11-15,LA,Clothing,Jacket,1,105.57,105.57,238
2705,2024-11-19,LA,Electronics,Laptop,1,891.36,891.36,287
843,2025-11-24,CHI,Home,Cookware Set,3,89.26,267.78,461
2447,2025-07-23,SF,Clothing,T-Shirt,5,20.82,104.1,125
756,2025-03-10,CHI,Grocery,Olive Oil,2,22.81,45.62,197
2123,2024-09-27,NY,Toys,Action Figure,3,11.9,35.7,492
491,2025-08-05,LA,Clothing,T-Shirt,2,19.5,39.0,313
2798,2025-12-18,LA,Clothing,Jeans,2,50.63,101.26,84
698,2025-08-27,LA,Toys,Action Figure,1,11.82,11.82,452
738,2025-04-21,LA,Toys,Action Figure,3,12.66,37.98,74
2394,2024-01-06,SF,Electronics,Laptop,2,1029.0,2058.0,479
1690,2025-11-17,LA,Grocery,Snack Box,2,10.65,21.3,413
394,2025-06-26,CHI,Toys,Puzzle,1,19.23,19.23,252
358,2025-11-23,CHI,Clothing,Jacket,1,113.6,113.6,251
1864,2025-12-16,NY,Home,Lamp,2,28.99,57.98,343
1013,2024-11-12,NY,Electronics,Phone Case,3,15.59,46.77,330
1313,2024-05-07,CHI,Home,Blender,1,42.33,42.33,212
2238,2025-11-02,LA,Toys,Puzzle,4,19.23,76.92,490
1871,2025-12-07,NY,Grocery,Olive Oil,1,21.08,21.08,159
1952,2025-10-22,CHI,Toys,Board Game,2,26.4,52.8,366
2095,2024-06-28,SF,Toys,Puzzle,1,20.22,20.22,257
2665,2024-10-07,CHI,Grocery,Snack Box,1,11.31,11.31,287
1417,2024-04-18,CHI,Electronics,Phone Case,1,13.47,13.47,166
2600,2025-10-23,LA,Home,Cookware Set,2,92.93,185.86,466
170,2025-12-27,CHI,Electronics,Laptop,2,920.45,1840.9,149
2579,2024-11-17,LA,Toys,Action Figure,3,10.85,32.55,320
2567,2025-12-28,SF,Home,Blender,1,40.09,40.09,271
1011,2025-02-23,CHI,Home,Blender,2,49.05,98.1,174
2400,2024-10-27,NY,Clothing,T-Shirt,1,21.94,21.94,164
2296,2025-01-26,SF,Grocery,Olive Oil,3,23.22,69.66,53
2031,2024-12-01,SF,Home,Blender,,50.4,50.4,333
2925,2025-12-06,LA,Grocery,Snack Box,1,11.32,11.32,139
1423,2025-02-21,NY,Electronics,Headphones,1,44.72,44.72,175
2423,2024-11-12,NY,Home,Blender,,38.82,77.64,342
667,2024-09-29,SF,Grocery,Snack Box,1,10.07,10.07,351
470,2025-11-25,NY,Clothing,Jeans,2,53.5,107.0,250
477,2024-12-01,LA,Clothing,Jeans,2,63.19,126.38,115
1410,2024-01-12,NY,Electronics,Laptop,2,888.41,1776.82,331
2002,2024-11-05,NY,Clothing,Jeans,1,49.2,49.2,230
957,2024-12-03,,Clothing,Jeans,2,55.45,110.9,154
1703,2024-06-04,CHI,Grocery,Coffee Beans,3,15.44,46.32,440
1349,2025-10-21,NY,Toys,Board Game,1,25.57,25.57,467
318,2024-11-06,CHI,Electronics,Headphones,2,45.32,90.64,230
339,2024-01-24,NY,Electronics,Laptop,3,777.06,2331.18,347
622,2025-10-23,CHI,Grocery,Olive Oil,1,21.31,21.31,113
858,2025-04-17,LA,Home,Blender,1,46.1,46.1,183
727,2025-06-12,LA,Home,Blender,1,48.64,48.64,106
1077,2024-09-17,LA,Toys,Puzzle,3,16.15,48.45,385
342,2024-11-19,NY,Grocery,Olive Oil,3,21.27,63.81,410
2519,2024-07-23,NY,Electronics,Phone Case,3,16.38,49.14,8
677,2024-12-18,NY,Home,Lamp,2,33.3,66.6,21
2776,2024-11-20,SF,Grocery,Olive Oil,1,21.87,21.87,351
2987,2025-01-11,SF,Grocery,Coffee Beans,3,14.84,44.52,348
2894,2024-12-13,LA,Grocery,Snack Box,5,10.34,51.7,39
2757,2024-03-21,SF,Electronics,Headphones,2,45.08,90.16,369
635,2024-06-10,SF,Grocery,Coffee Beans,1,13.46,13.46,477
1742,2024-10-09,NY,Clothing,T-Shirt,1,21.09,21.09,366
641,2025-10-15,LA,Home,Cookware Set,1,81.61,81.61,453
229,2025-03-02,NY,Grocery,Olive Oil,3,23.0,69.0,255
1725,2025-09-23,LA,Clothing,Jeans,1,60.88,60.88,163
2965,2025-12-09,LA,Clothing,T-Shirt,3,20.7,62.1,491
2955,2025-11-17,SF,Home,Cookware Set,1,80.48,80.48,293
132,2024-02-20,CHI,Toys,Action Figure,4,10.23,40.92,427
2715,2024-10-25,LA,Home,Lamp,2,26.31,52.62,45
2059,2024-08-28,CHI,Toys,Board Game,1,24.54,24.54,113
1756,2025-07-04,NY,Clothing,Jeans,1,47.25,47.25,414
2908,2025-09-24,LA,Grocery,Snack Box,1,9.79,9.79,175
1536,2024-11-05,CHI,Grocery,Coffee Beans,2,12.5,25.0,218
2609,2025-11-19,SF,Grocery,Olive Oil,1,19.47,19.47,162
98,2024-11-06,NY,Clothing,Jacket,2,109.6,219.2,210
1105,2025-11-03,LA,Toys,Action Figure,1,11.86,11.86,366
130,2024-07-22,CHI,Toys,Puzzle,3,16.65,49.95,55
2290,2025-02-16,NY,Toys,Board Game,5,21.49,107.45,160
80,2025-12-01,CHI,Grocery,Coffee Beans,2,13.36,26.72,422
742,2024-11-05,CHI,Electronics,Laptop,1,915.16,915.16,206
2183,2025-12-04,SF,Home,Cookware Set,4,97.47,389.88,208
824,2025-11-21,SF,Home,Cookware Set,2,96.02,192.04,455
2359,2025-05-18,NY,Toys,Action Figure,2,12.97,25.94,231
1993,2024-11-26,NY,Clothing,Jacket,1,113.78,113.78,77
968,2024-11-24,CHI,Home,Lamp,2,26.83,53.66,494
2500,2024-11-16,SF,Toys,Board Game,4,22.03,88.12,471
837,2024-12-27,SF,Home,Lamp,,32.43,32.43,234
2581,2024-09-16,CHI,Clothing,T-Shirt,1,18.38,18.38,35
1716,2025-12-22,SF,Electronics,Phone Case,1,16.38,16.38,54
30,2024-12-16,LA,Grocery,Coffee Beans,4,15.97,63.88,443
2939,2024-11-27,NY,Home,Blender,3,39.48,118.44,298
2592,2025-12-17,LA,Grocery,Snack Box,1,9.53,9.53,485
2810,2025-11-11,SF,Clothing,Jeans,4,50.86,203.44,257
628,2024-12-03,CHI,Electronics,Laptop,3,786.66,2359.98,93
1040,2025-08-06,SF,Clothing,Jacket,1,104.34,104.34,99
2080,2025-11-07,NY,Home,Blender,2,45.45,90.9,79
1018,2024-11-09,NY,Home,Blender,1,39.8,39.8,79
1191,2024-11-05,LA,Electronics,Phone Case,1,16.44,16.44,303
2514,2025-09-22,LA,Toys,Board Game,3,23.83,71.49,466
1974,2024-10-28,CHI,Toys,Puzzle,1,20.01,20.01,21
1905,2025-08-30,NY,Grocery,Olive Oil,2,19.33,38.66,479
2180,2025-12-17,LA,Electronics,Laptop,1,894.15,894.15,441
992,2025-02-17,LA,Home,Cookware Set,1,87.82,87.82,455
659,2025-11-20,SF,Clothing,Jacket,1,104.78,104.78,20
454,2025-04-30,SF,Home,Lamp,1,30.85,30.85,177
1147,2025-03-27,NY,Clothing,Jeans,4,62.97,251.88,445
2131,2024-02-13,NY,Clothing,Jeans,1,59.63,59.63,267
2953,2025-11-27,LA,Toys,Board Game,1,25.54,25.54,357
2909,2025-12-21,SF,Toys,Puzzle,1,18.23,18.23,377
356,2024-10-23,NY,Grocery,Coffee Beans,3,13.26,39.78,70
1427,2024-02-22,SF,Grocery,Olive Oil,2,19.37,38.74,12
573,2024-12-19,SF,Home,Blender,2,40.34,80.68,314
2989,2024-09-11,SF,Home,Cookware Set,5,86.78,433.9,481
382,2024-11-23,NY,Grocery,Coffee Beans,3,13.2,39.6,84
2244,2025-08-14,CHI,Electronics,Phone Case,4,14.25,57.0,313
2384,2025-03-22,CHI,Electronics,Laptop,2,770.28,1540.56,217
464,2024-11-22,CHI,Electronics,Phone Case,2,15.94,31.88,465
2659,2024-12-19,,Electronics,Headphones,1,34.01,34.01,390
2452,2025-03-05,LA,Toys,Board Game,3,22.98,68.94,409
1463,2025-12-10,LA,Home,Cookware Set,3,81.72,245.16,13
1153,2024-12-24,LA,Grocery,Coffee Beans,4,16.0,64.0,14
2635,2025-11-10,LA,Electronics,Headphones,1,45.68,45.68,103
1732,2024-11-22,SF,Grocery,Coffee Beans,1,13.26,13.26,14
2707,2024-11-22,LA,Toys,Puzzle,3,15.36,46.08,65
2913,2024-07-06,NY,Grocery,Olive Oil,1,19.81,19.81,387
1365,2024-12-06,SF,Toys,Puzzle,3,18.07,54.21,488
198,2025-07-15,CHI,Electronics,Headphones,3,37.07,111.21,57
2355,2025-01-12,LA,Grocery,Olive Oil,,25.13,50.26,159
744,2025-03-21,SF,Home,Blender,2,49.24,98.48,279
335,2025-06-06,LA,Toys,Board Game,1,21.33,21.33,229
1962,2025-06-09,NY,Electronics,Laptop,3,995.96,2987.88,202
2762,2024-01-10,SF,Clothing,Jeans,1,53.01,53.01,160
1144,2024-12-17,CHI,Home,Blender,3,51.57,154.71,336
14,2024-06-05,CHI,Toys,Board Game,4,26.92,107.68,306
1501,2024-06-29,SF,Toys,Action Figure,2,11.09,22.18,339
2747,2024-04-08,LA,Toys,Action Figure,1,12.38,12.38,171
1929,2025-06-29,NY,Home,Blender,5,47.58,237.9,129
1363,2025-06-24,SF,Electronics,Laptop,2,821.34,1642.68,390
2243,2025-12-10,LA,Electronics,Laptop,2,960.69,1921.38,483
2947,2024-11-12,CHI,Toys,Puzzle,2,19.84,39.68,386
1340,2024-04-20,CHI,Grocery,Snack Box,1,9.32,9.32,103
147,2025-11-05,SF,Clothing,Jeans,3,59.53,178.59,409
2067,2024-12-07,CHI,Home,Lamp,1,29.74,29.74,117
144,2025-12-18,SF,Home,Blender,5,44.24,221.2,32
779,2025-10-25,LA,Grocery,Coffee Beans,3,13.48,40.44,459
2712,2025-12-14,CHI,Toys,Board Game,4,24.25,97.0,106
1492,2024-12-09,SF,Clothing,Jacket,1,104.68,104.68,233
982,2024-04-23,NY,Electronics,Laptop,5,980.73,4903.65,422
2662,2024-01-20,CHI,Toys,Puzzle,3,15.58,46.74,83
1051,2024-11-04,CHI,Clothing,T-Shirt,2,22.51,45.02,34
1289,2025-10-29,SF,Clothing,Jacket,3,120.59,361.77,230
418,2024-04-23,SF,Electronics,Headphones,4,41.04,164.16,492
1739,2025-12-23,LA,Grocery,Snack Box,1,9.93,9.93,239
8,2025-12-07,SF,Electronics,Laptop,2,840.05,1680.1,360
1910,2025-11-30,CHI,Toys,Board Game,1,23.52,23.52,118
550,2025-07-06,LA,Electronics,Phone Case,4,13.92,55.68,188
2320,2025-10-07,LA,Clothing,Jeans,1,56.32,56.32,1
1872,2024-07-30,CHI,Electronics,Headphones,4,43.96,175.84,369
1660,2024-11-24,CHI,Home,Lamp,1,32.23,32.23,117
901,2025-08-03,CHI,Grocery,Coffee Beans,1,14.39,14.39,219
801,2024-04-01,SF,Toys,Board Game,1,21.3,21.3,214
614,2025-11-24,SF,Home,Cookware Set,2,76.21,152.42,227
2140,2025-04-08,LA,Home,Lamp,4,30.67,122.68,207
419,2025-12-11,LA,Electronics,Laptop,2,955.23,1910.46,500
939,2025-05-30,SF,Grocery,Coffee Beans,1,14.34,14.34,450
2898,2025-06-04,CHI,Toys,Action Figure,1,11.9,11.9,129
2404,2024-11-16,LA,Grocery,Snack Box,3,9.48,28.44,83
1299,2025-11-24,NY,Toys,Action Figure,4,12.51,50.04,470
2311,2024-06-18,CHI,Toys,Puzzle,,19.71,19.71,287
1183,2025-12-20,CHI,Grocery,Coffee Beans,5,13.51,67.55,153
42,2024-04-04,SF,Toys,Action Figure,3,13.46,40.38,23
267,2024-09-24,CHI,Clothing,Jeans,1,52.09,52.09,386
1988,2025-12-15,SF,Clothing,Jeans,4,61.69,246.76,212
432,2025-11-08,CHI,Electronics,Laptop,1,766.03,766.03,103
1908,2025-11-22,LA,Toys,Action Figure,1,13.27,13.27,496
388,2024-10-04,SF,Home,Blender,3,43.87,131.61,62
1366,2024-04-19,LA,Grocery,Snack Box,2,8.81,17.62,9
2853,2024-11-11,SF,Home,Cookware Set,1,83.95,83.95,395
1341,2024-03-06,NY,Grocery,Olive Oil,,21.17,42.34,491
2892,2024-11-12,LA,Clothing,Jeans,2,61.92,123.84,63
2181,2024-11-06,LA,Electronics,Laptop,1,971.42,971.42,323
724,2024-08-31,SF,Electronics,Laptop,2,876.74,1753.48,111
44,2024-06-01,SF,Electronics,Headphones,4,34.9,139.6,299
2929,2025-05-03,NY,Toys,Puzzle,2,20.13,40.26,217
2197,2025-02-03,SF,Home,Blender,4,47.21,188.84,352
1951,2024-12-08,CHI,Toys,Board Game,1,22.88,22.88,308
1758,2024-12-11,CHI,Clothing,Jacket,2,107.59,215.18,476
266,2025-12-22,NY,Grocery,Snack Box,3,11.19,33.57,95
1511,2024-11-02,SF,Toys,Action Figure,1,10.35,10.35,384
376,2025-03-06,LA,Home,Blender,3,43.47,130.41,391
1084,2024-08-02,CHI,Grocery,Coffee Beans,1,15.53,15.53,370
2643,2024-12-07,SF,Toys,Board Game,1,25.84,25.84,316
2505,2024-12-15,CHI,Grocery,Olive Oil,4,23.96,95.84,68
1055,2025-03-07,CHI,Grocery,Coffee Beans,1,14.58,14.58,96
898,2024-06-19,SF,Toys,Puzzle,2,19.68,39.36,497
893,2025-12-12,CHI,Grocery,Coffee Beans,2,15.11,30.22,180
1176,2024-10-25,LA,Clothing,Jacket,2,106.95,213.9,112
2861,2025-08-14,NY,Grocery,Snack Box,2,10.82,21.64,490
2049,2025-12-23,LA,Grocery,Olive Oil,1,18.71,18.71,296
1148,2024-11-19,LA,Clothing,T-Shirt,1,18.76,18.76,245
1002,2025-06-15,SF,Home,Cookware Set,2,85.67,171.34,300
150,2025-11-24,SF,Toys,Action Figure,1,12.05,12.05,235
2350,2025-12-19,CHI,Grocery,Snack Box,1,9.66,9.66,247
517,2025-12-13,SF,Grocery,Olive Oil,3,20.27,60.81,355
696,2024-02-25,LA,Home,Lamp,1,27.0,27.0,238
2116,2025-04-10,NY,Clothing,T-Shirt,,17.54,52.62,279
1601,2025-08-08,CHI,Toys,Action Figure,2,11.65,23.3,288
412,2025-11-03,LA,Grocery,Coffee Beans,1,15.99,-15.99,137
729,2024-11-15,NY,Toys,Board Game,3,22.02,66.06,296
2518,2024-07-10,CHI,Electronics,Phone Case,1,17.14,17.14,404
716,2024-11-11,SF,Clothing,Jacket,3,112.14,336.42,260
349,2025-05-21,CHI,Clothing,Jeans,2,62.65,-125.3,213
644,2024-11-07,NY,Electronics,Phone Case,1,15.72,15.72,249
1707,2025-02-04,LA,Clothing,Jeans,2,59.72,119.44,428
1777,2024-04-21,CHI,Grocery,Olive Oil,2,20.58,41.16,422
1239,2024-02-16,NY,Grocery,Olive Oil,1,23.3,23.3,407
32,2024-11-19,NY,Grocery,Snack Box,1,10.66,10.66,383
1041,2025-11-28,CHI,Electronics,Phone Case,2,15.8,31.6,2
227,2024-06-21,LA,Home,Cookware Set,2,85.85,171.7,88
2777,2024-09-07,NY,Clothing,T-Shirt,4,19.61,78.44,476
584,2025-12-08,LA,Electronics,Phone Case,3,14.03,42.09,233
519,2025-09-27,CHI,Grocery,Coffee Beans,1,11.95,11.95,425
1088,2025-12-08,SF,Toys,Puzzle,3,19.36,58.08,167
1620,2024-02-10,CHI,Toys,Puzzle,3,15.62,46.86,220
1241,2025-02-14,LA,Toys,Puzzle,3,17.37,52.11,95
2170,2025-12-05,CHI,Clothing,T-Shirt,1,19.28,19.28,254
1248,2024-09-19,NY,Home,Blender,1,48.11,48.11,370
1921,2025-10-02,LA,Clothing,T-Shirt,2,20.76,41.52,424
1034,2025-09-07,LA,Electronics,Laptop,1,1027.45,1027.45,430
2671,2024-12-07,NY,Clothing,Jeans,,46.85,140.55,86
2293,2024-11-02,SF,Electronics,Laptop,5,832.31,4161.55,313
2940,2025-12-28,CHI,Clothing,Jeans,1,55.55,55.55,378
1069,2024-12-23,SF,Electronics,Headphones,4,35.73,142.92,163
1796,2025-01-18,LA,Toys,Puzzle,3,19.96,59.88,202
1352,2025-05-20,CHI,Home,Lamp,3,26.22,78.66,153
2289,2025-11-27,,Toys,Action Figure,1,13.16,13.16,359
1167,2025-07-05,SF,Grocery,Snack Box,1,9.17,9.17,75
1759,2025-11-15,NY,Grocery,Olive Oil,4,23.87,95.48,174
2006,2025-11-05,CHI,Home,Lamp,2,27.18,54.36,402
993,2025-12-15,SF,Grocery,Snack Box,2,10.87,21.74,455
2453,2025-12-15,CHI,Electronics,Phone Case,1,13.39,13.39,456
3,2024-01-07,LA,Grocery,Olive Oil,2,20.15,40.3,358
762,2024-12-05,CHI,Toys,Puzzle,2,20.19,40.38,181
1525,2025-03-21,SF,Grocery,Olive Oil,1,21.34,21.34,268
509,2024-12-17,SF,Grocery,Snack Box,1,10.79,10.79,232
2382,2024-11-24,NY,Toys,Puzzle,2,17.01,34.02,235
2653,2025-02-07,SF,Grocery,Coffee Beans,2,14.68,29.36,495
1528,2025-12-03,NY,Grocery,Snack Box,1,10.99,10.99,160
1338,2024-10-14,NY,Clothing,Jeans,2,49.6,99.2,299
346,2025-12-11,LA,Electronics,Headphones,1,37.66,37.66,262
987,2025-03-15,CHI,Grocery,Olive Oil,1,23.9,23.9,460
260,2024-04-01,LA,Home,Lamp,1,28.07,28.07,274
1418,2024-06-27,CHI,Clothing,Jacket,1,130.64,130.64,387
2450,2025-07-23,CHI,Toys,Action Figure,5,12.92,64.6,166
1244,2024-11-09,LA,Electronics,Headphones,2,36.69,73.38,139
2490,2025-04-09,SF,Grocery,Snack Box,1,9.31,9.31,370
2814,2024-12-02,SF,Home,Blender,1,49.08,49.08,313
1262,2024-03-27,LA,Electronics,Phone Case,1,14.25,14.25,92
2598,2025-02-01,LA,Electronics,Headphones,4,36.11,144.44,113
680,2025-02-06,NY,Grocery,Olive Oil,1,20.19,20.19,374
1155,2025-06-11,LA,Toys,Puzzle,4,19.01,76.04,2
1855,2024-12-10,LA,Toys,Action Figure,1,10.59,10.59,301
1498,2025-12-16,LA,Toys,Puzzle,1,16.72,16.72,450
1527,2024-12-04,LA,Grocery,Olive Oil,1,21.82,21.82,85
2291,2024-12-22,CHI,Home,Cookware Set,3,87.28,261.84,64
1866,2024-06-17,LA,Electronics,Phone Case,2,16.72,33.44,275
1056,2024-11-15,CHI,Clothing,T-Shirt,1,21.78,21.78,263
1616,2025-04-17,NY,Grocery,Olive Oil,3,25.23,75.69,412
1593,2025-10-30,NY,Electronics,Headphones,1,45.4,45.4,429
1946,2025-08-16,CHI,Electronics,Headphones,1,36.87,36.87,229
2161,2025-08-19,CHI,Toys,Board Game,2,27.72,55.44,322
1750,2024-09-15,LA,Home,Lamp,2,27.1,54.2,134
2165,2025-01-28,LA,Toys,Puzzle,2,18.68,37.36,290
156,2025-01-16,NY,Electronics,Headphones,1,35.12,35.12,301
1880,2025-12-09,LA,Electronics,Phone Case,1,15.28,15.28,111
256,2025-03-28,CHI,Electronics,Laptop,1,1022.93,1022.93,110
796,2024-11-10,NY,Grocery,Coffee Beans,2,12.92,25.84,234
294,2025-02-10,SF,Toys,Board Game,3,26.47,79.41,398
1491,2024-04-29,NY,Electronics,Headphones,3,45.92,137.76,382
2338,2025-12-11,SF,Toys,Action Figure,5,11.09,55.45,307
389,2025-06-12,CHI,Grocery,Snack Box,1,11.21,11.21,36
2416,2025-01-03,LA,Clothing,T-Shirt,1,19.81,19.81,173
2206,2025-05-16,CHI,Toys,Action Figure,5,11.52,57.6,487
1849,2024-03-01,LA,Home,Cookware Set,3,75.9,227.7,325
2517,2024-02-05,NY,Clothing,Jeans,2,53.79,107.58,465
2502,2024-10-13,LA,Clothing,T-Shirt,5,19.18,95.9,222
653,2025-01-15,CHI,Home,Lamp,5,30.45,152.25,423
1209,2024-01-08,SF,Electronics,Phone Case,3,13.61,40.83,126
1867,2025-07-23,CHI,Electronics,Phone Case,1,16.1,16.1,82
568,2024-01-02,CHI,Toys,Puzzle,2,16.0,32.0,268
245,2024-12-05,NY,Grocery,Olive Oil,1,21.83,21.83,214
2783,2024-11-09,NY,Toys,Action Figure,3,11.79,35.37,415
2797,2025-10-02,SF,Clothing,T-Shirt,3,19.2,57.6,252
1430,2025-08-19,SF,Grocery,Coffee Beans,4,14.19,56.76,335
439,2024-02-05,LA,Home,Blender,4,43.58,174.32,62
1057,2024-12-20,SF,Home,Lamp,2,30.75,61.5,150
390,2024-03-29,NY,Toys,Action Figure,1,12.98,12.98,189
1412,2025-12-17,NY,Electronics,Headphones,4,38.29,153.16,90
1314,2025-06-19,SF,Toys,Action Figure,2,11.47,22.94,59
1505,2025-04-03,LA,Clothing,Jeans,1,57.25,57.25,275
1377,2024-09-27,LA,Toys,Action Figure,1,11.4,11.4,348
1476,2025-04-26,LA,Electronics,Laptop,2,836.11,1672.22,446
2844,2024-11-24,NY,Electronics,Laptop,2,892.56,1785.12,71
1408,2025-11-19,CHI,Grocery,Snack Box,1,10.6,10.6,189
815,2025-08-28,CHI,Toys,Puzzle,5,17.94,89.7,143
714,2025-10-02,LA,Home,Blender,1,38.27,38.27,410
1136,2024-07-17,SF,Electronics,Headphones,2,38.62,77.24,395
2966,2024-10-11,LA,Home,Blender,2,45.83,91.66,416
2916,2024-12-03,SF,Electronics,Headphones,1,44.21,44.21,292
1424,2025-10-19,LA,Clothing,Jacket,4,128.28,513.12,427
2347,2025-04-07,CHI,Clothing,T-Shirt,1,18.05,18.05,356
471,2024-12-07,LA,Home,Cookware Set,1,97.41,97.41,296
2489,2025-04-23,CHI,Electronics,Laptop,1,1029.64,1029.64,470
1824,2025-12-03,LA,Electronics,Phone Case,1,17.03,17.03,108
1720,2025-04-16,NY,Electronics,Laptop,2,939.71,1879.42,482
2121,2024-01-31,SF,Clothing,T-Shirt,5,21.92,109.6,399
297,2024-08-14,NY,Clothing,Jeans,1,51.91,51.91,134
1933,2025-08-18,NY,Grocery,Snack Box,3,9.46,28.38,371
2112,2024-08-19,SF,Grocery,Snack Box,4,10.02,40.08,124
569,2025-12-26,CHI,Toys,Action Figure,2,13.35,26.7,180
1682,2025-12-25,NY,Clothing,T-Shirt,1,18.06,18.06,32
1972,2024-07-28,CHI,Toys,Action Figure,1,12.77,12.77,492
1507,2024-12-27,NY,Toys,Board Game,1,27.1,27.1,336
2319,2025-12-04,CHI,Home,Lamp,1,30.11,30.11,73
2812,2024-11-27,NY,Electronics,Laptop,4,874.39,3497.56,23
2386,2024-08-18,NY,Electronics,Phone Case,3,13.16,39.48,414
2128,2024-11-23,SF,Clothing,Jeans,1,51.29,51.29,67
1388,2024-11-16,LA,Toys,Puzzle,3,20.53,61.59,239
2228,2025-12-21,LA,Electronics,Headphones,2,38.4,76.8,471
1074,2025-06-22,CHI,Grocery,Olive Oil,3,19.88,59.64,243
597,2025-11-21,LA,Grocery,Olive Oil,1,20.78,20.78,195
1679,2024-01-08,CHI,Home,Cookware Set,2,75.11,150.22,205
3000,2024-11-21,CHI,Clothing,Jeans,1,46.91,46.91,477
2390,2025-10-12,CHI,Clothing,Jacket,2,117.6,235.2,271
209,2025-11-24,CHI,Clothing,Jeans,1,58.17,58.17,41
1877,2024-02-05,SF,Home,Lamp,1,31.38,31.38,73
508,2024-12-17,CHI,Grocery,Coffee Beans,1,14.81,14.81,215
2451,2025-08-30,SF,Grocery,Coffee Beans,2,12.27,24.54,86
719,2025-10-04,SF,Toys,Board Game,2,26.09,52.18,237
102,2024-10-22,CHI,Clothing,Jeans,3,56.57,169.71,353
2602,2025-06-04,SF,Electronics,Laptop,2,900.59,1801.18,7
1801,2025-11-28,LA,Toys,Puzzle,1,19.52,19.52,391
958,2024-09-11,SF,Clothing,T-Shirt,1,21.11,21.11,292
2380,2024-11-22,LA,Electronics,Phone Case,2,13.81,27.62,329
1748,2024-11-13,,Clothing,T-Shirt,2,20.9,41.8,413
557,2025-02-19,SF,Home,Lamp,1,34.25,34.25,250
2541,2024-07-31,SF,Grocery,Olive Oil,3,21.03,63.09,104
1564,2025-02-12,LA,Grocery,Olive Oil,2,22.62,45.24,130
606,2024-07-22,LA,Electronics,Laptop,5,999.19,4995.95,400
498,2025-01-22,LA,Home,Blender,2,45.09,90.18,41
2897,2025-05-08,CHI,Toys,Action Figure,1,10.47,10.47,66
2407,2024-11-18,LA,Toys,Board Game,2,28.61,57.22,219
580,2024-06-28,CHI,Grocery,Olive Oil,2,23.4,46.8,6
490,2024-05-15,NY,Toys,Puzzle,1,20.09,20.09,483
1482,2024-12-11,NY,Grocery,Snack Box,4,10.26,41.04,289
63,2024-05-16,SF,Grocery,Coffee Beans,1,15.75,15.75,487
2933,2024-09-30,NY,Clothing,Jeans,2,56.0,112.0,394
1200,2024-11-21,CHI,Home,Cookware Set,1,74.78,74.78,93
2246,2024-09-09,CHI,Clothing,Jeans,1,47.9,47.9,389
1100,2024-09-02,LA,Grocery,Coffee Beans,4,13.55,54.2,141
1802,2025-06-27,NY,Toys,Action Figure,3,12.4,37.2,347
62,2025-12-13,CHI,Electronics,Headphones,1,43.34,43.34,26
1461,2024-12-18,NY,Clothing,T-Shirt,5,22.71,113.55,308
1035,2025-11-25,SF,Electronics,Headphones,4,39.55,158.2,349
1978,2025-08-02,LA,Grocery,Coffee Beans,2,14.7,29.4,478
2262,2024-11-14,CHI,Clothing,T-Shirt,3,22.55,67.65,173
338,2024-04-09,CHI,Toys,Board Game,1,25.16,25.16,164
1996,2024-12-04,NY,Grocery,Coffee Beans,4,12.07,48.28,20
514,2024-01-14,NY,Grocery,Olive Oil,2,24.49,48.98,196
265,2025-08-04,LA,Clothing,T-Shirt,3,21.42,64.26,90
1730,2025-12-29,CHI,Grocery,Snack Box,1,8.73,8.73,437
2949,2024-01-28,CHI,Home,Lamp,1,30.83,30.83,341
2932,2024-11-02,LA,Toys,Puzzle,1,18.62,18.62,22
997,2024-05-07,NY,Grocery,Olive Oil,3,19.52,58.56,233
299,2025-05-15,CHI,Grocery,Snack Box,1,11.33,11.33,236
2765,2024-07-25,LA,Toys,Puzzle,3,19.28,57.84,427
41,2025-12-04,SF,Home,Cookware Set,1,77.62,77.62,259
2094,2024-11-20,CHI,Electronics,Phone Case,3,15.66,46.98,148
398,2025-11-07,LA,Toys,Puzzle,1,19.79,19.79,400
2896,2025-11-19,LA,Home,Cookware Set,1,74.62,74.62,93
1301,2024-10-12,LA,Toys,Board Game,2,26.52,53.04,486
929,2025-07-25,LA,Toys,Puzzle,4,16.51,66.04,465
1987,2024-05-31,LA,Grocery,Olive Oil,1,23.99,23.99,451
2300,2024-12-28,LA,Toys,Board Game,3,21.75,65.25,14
122,2025-12-28,CHI,Toys,Action Figure,2,11.42,22.84,489
1164,2024-11-03,SF,Grocery,Olive Oil,1,24.04,24.04,380
1440,2024-09-12,NY,Grocery,Snack Box,3,8.64,25.92,30
576,2024-05-01,CHI,Toys,Puzzle,4,16.05,64.2,401
2827,2024-12-18,NY,Toys,Board Game,2,25.27,50.54,461
1186,2024-11-17,NY,Grocery,Snack Box,2,9.04,18.08,21
1896,2025-11-18,NY,Clothing,T-Shirt,1,21.17,21.17,488
2999,2025-06-24,NY,Grocery,Coffee Beans,1,12.3,12.3,80
2709,2024-11-10,LA,Grocery,Coffee Beans,,15.48,77.4,331
320,2025-02-27,NY,Grocery,Olive Oil,1,24.4,24.4,372
49,2025-12-12,SF,Clothing,Jacket,4,105.89,423.56,421
2279,2025-11-01,CHI,Electronics,Headphones,3,40.66,121.98,284
2650,2024-11-05,NY,Grocery,Coffee Beans,3,15.27,45.81,211
86,2025-02-20,LA,Electronics,Phone Case,1,17.02,17.02,354
674,2024-12-02,CHI,Grocery,Snack Box,1,10.08,10.08,336
2990,2024-11-13,CHI,Toys,Action Figure,1,10.75,10.75,414
605,2024-12-18,NY,Home,Cookware Set,3,86.47,259.41,211
1615,2025-08-14,LA,Clothing,Jeans,1,47.82,47.82,351
2633,2024-12-10,NY,Toys,Action Figure,1,13.44,13.44,453
2507,2025-10-06,LA,Electronics,Phone Case,4,16.47,65.88,417
2799,2025-04-14,LA,Home,Blender,1,48.37,48.37,202
1151,2024-12-10,SF,Toys,Action Figure,2,12.92,25.84,350
1923,2025-04-05,LA,Clothing,Jacket,1,128.15,128.15,384
1303,2024-08-04,CHI,Home,Lamp,1,34.31,34.31,139
94,2024-03-07,NY,Electronics,Laptop,2,1019.09,2038.18,296
558,2025-11-17,SF,Toys,Puzzle,4,15.34,61.36,109
2589,2025-09-07,LA,Home,Lamp,3,26.45,79.35,474
1794,2025-11-08,LA,Toys,Action Figure,1,11.51,11.51,365
1878,2024-11-16,LA,Home,Lamp,4,33.87,135.48,8
2571,2025-11-10,LA,Electronics,Headphones,2,36.67,73.34,98
1261,2024-04-14,SF,Electronics,Laptop,1,810.78,810.78,183
2958,2024-01-16,LA,Clothing,Jacket,2,135.51,271.02,393
445,2024-05-27,CHI,Grocery,Olive Oil,1,18.95,18.95,20
73,2024-09-23,LA,Toys,Board Game,1,27.75,27.75,233
2035,2024-12-22,LA,Home,Cookware Set,1,93.22,93.22,357
746,2025-12-03,NY,Grocery,Snack Box,2,9.89,19.78,351
945,2024-11-07,SF,Grocery,Olive Oil,1,21.72,21.72,93
2122,2025-06-20,LA,Toys,Board Game,3,25.37,76.11,353
1549,2025-01-10,CHI,Home,Cookware Set,5,76.56,382.8,214
1847,2024-11-25,NY,Grocery,Coffee Beans,1,13.51,13.51,271
2271,2025-01-05,CHI,Clothing,Jeans,2,62.1,124.2,119
2503,2025-10-28,CHI,Grocery,Olive Oil,3,20.41,61.23,25
1060,2025-12-10,SF,Toys,Puzzle,2,19.04,38.08,437
1853,2025-10-29,CHI,Home,Blender,1,40.19,40.19,41
1327,2025-08-08,LA,Grocery,Snack Box,5,10.13,50.65,233
103,2025-07-06,NY,Home,Cookware Set,1,82.51,82.51,307
814,2025-09-18,LA,Home,Cookware Set,3,76.25,228.75,45
1651,2025-12-12,LA,Toys,Puzzle,2,17.43,34.86,500
281,2025-01-23,LA,Toys,Puzzle,2,19.18,38.36,236
703,2024-05-14,NY,Toys,Action Figure,1,12.46,12.46,319
2141,2025-03-06,CHI,Grocery,Snack Box,4,10.22,40.88,446
2683,2024-02-08,LA,Grocery,Snack Box,2,11.44,22.88,416
1065,2024-09-25,SF,Electronics,Headphones,1,36.37,36.37,434
2425,2024-12-23,CHI,Grocery,Olive Oil,5,19.33,96.65,350
1926,2025-12-13,SF,Grocery,Coffee Beans,,14.86,44.58,238
2137,2025-11-14,LA,Clothing,Jeans,2,51.67,103.34,209
2957,2025-11-25,NY,Toys,Puzzle,1,19.21,19.21,206
1844,2024-10-14,SF,Home,Cookware Set,5,95.6,478.0,358
1032,2025-02-27,CHI,Toys,Board Game,2,28.01,56.02,391
2445,2024-11-03,NY,Grocery,Snack Box,1,10.84,10.84,378
1907,2024-04-30,CHI,Grocery,Snack Box,1,10.67,10.67,90
238,2024-09-27,CHI,Grocery,Coffee Beans,2,15.46,30.92,188
2551,2025-08-02,LA,Toys,Action Figure,4,10.48,41.92,292
1271,2024-11-27,CHI,Clothing,T-Shirt,1,17.36,17.36,125
84,2024-11-28,LA,Grocery,Snack Box,1,9.64,9.64,250
1470,2024-12-08,CHI,Home,Blender,1,49.54,49.54,162
780,2025-11-07,NY,Electronics,Phone Case,1,13.58,13.58,328
1850,2025-12-11,CHI,Electronics,Laptop,2,861.17,1722.34,161
974,2024-12-13,CHI,Clothing,Jacket,4,109.91,439.64,68
749,2025-11-26,,Clothing,Jacket,1,133.59,133.59,471
279,2025-11-21,SF,Toys,Action Figure,4,13.33,53.32,61
2155,2025-08-24,SF,Clothing,Jeans,1,53.33,53.33,436
582,2024-12-25,CHI,Electronics,Laptop,1,829.6,829.6,181
1467,2024-06-02,NY,Clothing,Jeans,1,60.46,60.46,490
949,2025-12-25,CHI,Home,Blender,2,38.64,77.28,233
1798,2025-11-06,CHI,Clothing,T-Shirt,4,19.03,76.12,480
2499,2025-04-08,LA,Home,Lamp,3,27.42,82.26,337
117,2025-07-19,CHI,Clothing,Jeans,1,55.64,55.64,234
2935,2024-12-25,SF,Toys,Puzzle,2,16.68,33.36,382
1312,2025-08-13,SF,Home,Blender,5,51.11,255.55,417
2145,2024-11-25,CHI,Clothing,T-Shirt,3,17.65,52.95,207
53,2024-11-17,CHI,Electronics,Phone Case,3,14.71,44.13,311
1579,2025-06-13,CHI,Home,Lamp,1,27.12,27.12,413
2644,2024-12-17,SF,Grocery,Snack Box,5,10.2,51.0,115
111,2025-12-16,CHI,Grocery,Coffee Beans,2,15.8,31.6,63
399,2025-11-18,SF,Grocery,Coffee Beans,1,12.55,12.55,494
1401,2025-11-27,SF,Electronics,Headphones,3,34.66,103.98,290
1431,2024-12-08,NY,Electronics,Headphones,1,38.06,38.06,72
1922,2024-11-24,CHI,Home,Lamp,2,26.04,52.08,15
1109,2025-11-06,NY,Electronics,Phone Case,2,16.4,32.8,200
1400,2025-11-15,CHI,Grocery,Snack Box,1,11.13,11.13,430
1414,2025-05-10,CHI,Home,Lamp,3,26.11,78.33,311
224,2024-05-12,NY,Grocery,Snack Box,3,10.26,30.78,426
230,2024-09-07,CHI,Grocery,Olive Oil,1,22.94,22.94,153
2282,2024-04-20,NY,Electronics,Headphones,4,41.11,164.44,238
2824,2024-02-27,CHI,Electronics,Laptop,2,802.15,1604.3,58
699,2025-12-29,LA,Toys,Board Game,2,23.13,46.26,368
1207,2024-10-19,CHI,Clothing,T-Shirt,1,17.99,17.99,414
1529,2024-12-04,NY,Clothing,T-Shirt,2,21.16,42.32,32
2975,2025-11-07,NY,Home,Cookware Set,4,80.57,322.28,235
463,2024-12-13,CHI,Clothing,Jacket,2,102.92,205.84,378
420,2025-05-13,,Clothing,Jacket,3,136.15,408.45,363
636,2025-07-03,LA,Electronics,Headphones,1,38.27,38.27,250
2527,2024-12-09,NY,Clothing,T-Shirt,,22.13,22.13,424
2720,2025-12-22,CHI,Electronics,Laptop,1,982.95,982.95,40
2516,2024-08-15,LA,Home,Lamp,2,33.18,66.36,67
2944,2024-03-09,SF,Clothing,Jeans,3,55.88,167.64,452
736,2025-11-17,NY,Home,Lamp,1,28.49,28.49,499
393,2024-12-09,NY,Home,Cookware Set,4,93.66,374.64,389
933,2024-10-16,LA,Clothing,Jeans,2,60.88,121.76,215
2230,2025-11-21,SF,Clothing,T-Shirt,1,22.02,22.02,320
424,2025-10-13,NY,Electronics,Headphones,1,38.16,38.16,421
2117,2024-04-03,LA,Electronics,Phone Case,1,17.14,17.14,253
1577,2024-12-13,CHI,Clothing,T-Shirt,2,18.27,36.54,335
113,2024-06-06,SF,Clothing,T-Shirt,1,19.77,19.77,261
2758,2024-10-03,SF,Grocery,Coffee Beans,2,15.98,31.96,300
1442,2025-11-03,NY,Clothing,Jacket,2,116.32,232.64,40
1827,2025-08-12,NY,Clothing,T-Shirt,4,18.58,74.32,360
2590,2024-08-20,CHI,Home,Blender,2,43.47,86.94,79
1342,2025-10-22,SF,Grocery,Olive Oil,1,22.57,22.57,204
269,2025-05-29,SF,Electronics,Laptop,2,847.84,1695.68,354
1067,2024-12-12,LA,Clothing,Jeans,4,57.56,230.24,157
841,2024-05-04,CHI,Toys,Puzzle,2,20.57,41.14,477
405,2024-12-04,NY,Electronics,Headphones,2,44.83,89.66,483
221,2025-04-23,LA,Toys,Board Game,2,23.96,47.92,314
2748,2025-09-22,LA,Grocery,Coffee Beans,2,12.01,24.02,386
2560,2024-05-11,CHI,Clothing,T-Shirt,2,20.56,41.12,371
921,2024-11-15,SF,Home,Lamp,3,26.31,78.93,451
2365,2025-03-27,SF,Electronics,Phone Case,4,13.06,52.24,264
2340,2024-12-13,SF,Clothing,Jeans,2,55.5,111.0,403
2007,2025-12-25,CHI,Home,Lamp,1,26.7,26.7,338
882,2025-02-18,SF,Toys,Action Figure,2,11.91,23.82,76
2399,2024-09-27,SF,Electronics,Phone Case,4,16.72,66.88,137
954,2024-11-13,LA,Home,Lamp,3,32.71,98.13,184
1971,2024-08-20,SF,Home,Lamp,1,27.7,27.7,250
143,2025-09-22,SF,Clothing,Jeans,3,57.56,172.68,17
472,2024-05-12,CHI,Clothing,Jeans,3,59.71,179.13,207
2882,2025-06-01,CHI,Grocery,Olive Oil,3,18.85,56.55,155
2901,2024-11-28,SF,Clothing,Jeans,1,47.76,47.76,182
2561,2025-06-18,SF,Clothing,Jacket,2,126.08,252.16,52
2708,2025-11-01,LA,Toys,Board Game,1,26.85,26.85,491
940,2025-11-11,NY,Toys,Board Game,3,21.92,65.76,66
211,2025-03-30,NY,Toys,Puzzle,1,19.18,19.18,373
2302,2025-11-06,NY,Toys,Board Game,2,27.56,55.12,323
769,2024-12-02,SF,Toys,Board Game,3,26.21,78.63,387
298,2024-11-13,LA,Grocery,Snack Box,2,10.24,20.48,256
304,2024-11-17,LA,Grocery,Snack Box,3,10.52,31.56,124
720,2025-08-01,SF,Toys,Puzzle,2,15.6,31.2,285
1435,2025-05-23,SF,Clothing,Jeans,1,58.68,58.68,221
2151,2025-02-19,SF,Electronics,Phone Case,3,16.37,49.11,279
2468,2024-05-13,CHI,Electronics,Headphones,1,38.48,38.48,172
2813,2024-11-14,LA,Clothing,T-Shirt,4,17.97,71.88,337
1471,2025-02-23,SF,Electronics,Phone Case,3,13.83,41.49,287
1227,2025-05-29,LA,Toys,Puzzle,1,19.53,19.53,438
767,2024-07-04,NY,Clothing,Jeans,1,59.66,59.66,176
1251,2024-07-08,LA,Clothing,Jeans,1,48.3,48.3,97
859,2024-12-30,NY,Clothing,T-Shirt,2,18.64,37.28,149
2415,2024-12-26,CHI,Electronics,Headphones,1,37.09,37.09,114
658,2024-12-03,CHI,Clothing,Jeans,2,52.81,105.62,292
332,2025-12-09,CHI,Grocery,Olive Oil,2,22.54,45.08,279
2719,2025-11-10,LA,Grocery,Olive Oil,2,25.28,50.56,267
1678,2024-11-26,SF,Grocery,Olive Oil,1,23.65,23.65,245
2631,2025-03-22,LA,Grocery,Snack Box,3,9.8,29.4,91
2034,2025-10-01,SF,Grocery,Snack Box,1,10.68,10.68,126
802,2024-10-04,CHI,Toys,Puzzle,1,15.99,15.99,123
2136,2024-01-06,CHI,Electronics,Headphones,4,36.91,147.64,400
2033,2024-04-29,CHI,Clothing,T-Shirt,2,20.57,41.14,254
2321,2024-09-29,LA,Grocery,Snack Box,3,11.38,34.14,315
1810,2024-05-18,CHI,Home,Blender,1,50.22,50.22,470
803,2025-05-26,NY,Clothing,Jacket,2,126.9,253.8,322
408,2024-12-05,CHI,Home,Lamp,2,29.21,58.42,103
1681,2025-12-24,SF,Electronics,Phone Case,1,15.65,15.65,24
1016,2024-11-24,CHI,Grocery,Olive Oil,2,19.26,38.52,302
126,2025-02-25,LA,Home,Lamp,1,29.38,29.38,88
1724,2025-12-25,SF,Clothing,T-Shirt,4,20.35,81.4,400
135,2024-05-15,SF,Home,Lamp,1,32.23,32.23,272
1033,2025-11-27,CHI,Toys,Puzzle,4,15.74,62.96,345
1278,2025-07-21,SF,Toys,Action Figure,4,12.65,50.6,471
1517,2025-08-14,CHI,Home,Cookware Set,2,90.47,180.94,395
2164,2024-01-20,NY,Toys,Puzzle,1,16.0,16.0,382
2878,2024-07-03,NY,Toys,Puzzle,3,16.15,48.45,82
1145,2024-07-09,LA,Home,Cookware Set,1,83.24,83.24,250
1875,2024-11-06,CHI,Electronics,Headphones,4,45.36,181.44,196
2586,2024-11-06,LA,Grocery,Snack Box,4,10.89,43.56,150
1336,2024-12-07,NY,Home,Blender,3,41.22,123.66,179
1438,2025-12-04,SF,Toys,Puzzle,3,15.98,47.94,181
1513,2024-11-04,CHI,Grocery,Snack Box,3,10.61,31.83,100
1188,2025-11-04,NY,Home,Lamp,1,34.2,34.2,128
9,2024-12-09,LA,Electronics,Phone Case,2,15.61,31.22,351
341,2025-03-18,LA,Toys,Puzzle,2,16.3,32.6,231
1943,2024-12-07,NY,Clothing,T-Shirt,2,17.14,34.28,489
2410,2025-12-18,NY,Electronics,Headphones,1,45.48,45.48,450
1394,2025-12-22,SF,Toys,Board Game,4,27.95,111.8,412
1196,2025-12-03,SF,Electronics,Phone Case,1,13.86,13.86,328
1955,2025-06-13,LA,Clothing,T-Shirt,2,18.31,36.62,434
1091,2025-12-06,CHI,Clothing,T-Shirt,1,21.05,21.05,14
2904,2024-09-14,LA,Toys,Puzzle,1,20.56,20.56,498
1967,2024-09-14,CHI,Grocery,Snack Box,3,10.66,31.98,86
2043,2025-08-28,LA,Home,Lamp,1,30.38,30.38,42
60,2024-11-16,NY,Clothing,Jacket,3,113.18,339.54,234
1590,2024-09-06,CHI,Home,Lamp,2,34.25,68.5,21
946,2025-11-10,LA,Clothing,Jacket,1,120.31,120.31,299
1817,2024-10-03,SF,Toys,Action Figure,2,11.6,23.2,188
1281,2025-12-21,CHI,Toys,Action Figure,2,11.33,22.66,100
1172,2025-11-06,LA,Toys,Puzzle,5,17.42,87.1,12
2670,2024-04-08,LA,Grocery,Coffee Beans,1,14.42,14.42,274
2498,2024-06-10,NY,Home,Cookware Set,1,86.13,86.13,155
1071,2024-02-24,SF,Grocery,Olive Oil,1,23.91,23.91,447
1746,2025-11-20,NY,Electronics,Phone Case,3,12.99,38.97,272
1228,2024-05-15,SF,Grocery,Snack Box,1,10.4,10.4,99
2193,2025-10-04,CHI,Toys,Board Game,1,28.48,28.48,254
1274,2024-12-05,NY,Grocery,Coffee Beans,2,13.9,27.8,126
2697,2025-07-05,NY,Clothing,T-Shirt,2,19.65,39.3,420
964,2024-12-15,CHI,Electronics,Laptop,1,909.28,909.28,445
607,2025-04-02,CHI,Home,Lamp,2,28.43,56.86,315
2872,2024-03-23,LA,Toys,Board Game,3,28.16,84.48,229
1599,2025-12-11,SF,Grocery,Olive Oil,2,22.27,44.54,422
1737,2024-11-23,SF,Home,Lamp,4,33.6,134.4,40
846,2025-04-01,NY,Home,Blender,2,38.55,77.1,500
1370,2025-06-26,CHI,Home,Blender,2,43.69,87.38,56
1114,2024-01-16,SF,Clothing,T-Shirt,1,17.64,17.64,7
879,2024-05-26,NY,Toys,Puzzle,1,18.86,18.86,380
1025,2025-07-22,NY,Clothing,Jacket,5,136.29,681.45,417
673,2025-12-16,NY,Toys,Puzzle,1,19.24,19.24,193
1856,2024-11-30,CHI,Clothing,Jeans,1,62.53,62.53,189
2691,2024-01-30,NY,Home,Blender,2,46.48,92.96,25
436,2025-11-14,NY,Home,Cookware Set,3,73.82,221.46,44
1360,2024-12-23,NY,Home,Lamp,2,32.45,64.9,181
664,2024-12-10,NY,Toys,Action Figure,1,13.03,13.03,244
2675,2024-06-23,SF,Home,Blender,2,40.69,81.38,72
403,2024-11-27,LA,Grocery,Coffee Beans,1,12.3,12.3,67
2559,2025-12-17,LA,Electronics,Phone Case,3,16.17,48.51,75
2356,2024-08-26,SF,Clothing,T-Shirt,2,21.03,42.06,186
321,2025-12-10,SF,Grocery,Coffee Beans,1,14.3,14.3,253
2070,2024-01-12,CHI,Clothing,T-Shirt,1,19.23,19.23,62
973,2024-11-16,SF,Grocery,Snack Box,2,9.54,19.08,225
694,2024-09-08,CHI,Electronics,Laptop,4,888.36,3553.44,377
1220,2024-12-05,NY,Clothing,Jeans,1,47.41,47.41,83
610,2024-10-04,SF,Home,Cookware Set,2,79.07,158.14,383
2393,2025-01-02,LA,Electronics,Headphones,4,35.59,142.36,195
1879,2025-08-16,SF,Electronics,Headphones,2,42.7,85.4,139
796,2024-11-10,NY,Grocery,Coffee Beans,2,12.92,25.84,234
1902,2024-03-29,NY,Toys,Board Game,3,28.47,85.41,43
594,2025-01-15,CHI,Electronics,Phone Case,3,17.06,51.18,460
2249,2024-12-20,CHI,Electronics,Phone Case,1,13.6,13.6,266
2212,2024-12-15,SF,Toys,Action Figure,5,12.82,64.1,24
2373,2024-11-07,LA,Grocery,Snack Box,1,10.74,10.74,304
2690,2025-01-20,CHI,Toys,Board Game,2,25.66,51.32,135
836,2024-06-24,LA,Home,Cookware Set,3,75.61,226.83,248
2377,2025-01-30,CHI,Clothing,T-Shirt,2,17.1,34.2,59
1747,2025-09-07,LA,Toys,Puzzle,1,16.17,16.17,428
478,2024-11-13,SF,Clothing,T-Shirt,2,21.4,42.8,395
2792,2024-11-19,CHI,Clothing,Jeans,1,48.18,48.18,36
2807,2024-12-31,SF,Home,Cookware Set,1,91.08,91.08,295
807,2025-12-02,NY,Electronics,Headphones,1,41.74,41.74,380
2370,2025-06-24,LA,Grocery,Snack Box,5,10.24,51.2,454
905,2025-08-02,NY,Grocery,Snack Box,4,11.06,44.24,268
2277,2024-12-22,SF,Electronics,Laptop,2,884.56,1769.12,146
327,2025-05-17,LA,Toys,Action Figure,2,11.25,22.5,167
2667,2024-12-25,LA,Home,Cookware Set,4,87.48,349.92,95
1859,2024-11-23,LA,Clothing,Jeans,1,47.8,47.8,48
511,2025-11-19,LA,Clothing,Jacket,2,127.72,255.44,364
627,2025-12-12,CHI,Electronics,Headphones,1,34.18,34.18,357
1873,2024-06-18,CHI,Home,Lamp,2,34.36,68.72,288
1641,2025-12-01,SF,Toys,Board Game,2,26.65,53.3,387
2483,2025-06-30,NY,Grocery,Snack Box,5,10.41,52.05,379
216,2025-01-31,NY,Electronics,Headphones,2,42.83,85.66,135
1814,2024-11-09,SF,Home,Blender,1,38.95,38.95,230
853,2024-10-23,NY,Grocery,Coffee Beans,3,12.74,38.22,422
854,2025-11-05,SF,Home,Cookware Set,2,80.0,160.0,154
2129,2025-01-10,SF,Grocery,Snack Box,3,9.72,29.16,122
2236,2025-07-16,CHI,Grocery,Coffee Beans,1,14.96,14.96,492
2274,2025-12-01,NY,Home,Lamp,1,34.08,34.08,114
758,2025-11-19,CHI,Grocery,Olive Oil,2,21.41,42.82,361
323,2025-10-02,LA,Electronics,Laptop,1,832.96,832.96,235
799,2024-12-06,SF,Clothing,T-Shirt,1,20.56,20.56,284
2010,2024-01-10,SF,Home,Blender,2,47.98,95.96,410
548,2024-03-19,NY,Grocery,Coffee Beans,4,13.01,52.04,435
2655,2024-11-09,SF,Toys,Action Figure,2,11.24,22.48,184
681,2025-10-02,CHI,Toys,Puzzle,2,20.49,40.98,124
760,2025-11-10,NY,Grocery,Coffee Beans,2,12.93,25.86,351
1372,2025-09-27,CHI,Electronics,Phone Case,1,13.2,13.2,201
1398,2025-11-25,CHI,Home,Lamp,5,29.7,148.5,46
2906,2024-12-16,,Grocery,Coffee Beans,3,14.38,43.14,221
2132,2024-03-31,NY,Clothing,Jeans,4,53.19,212.76,198
1287,2024-12-16,NY,Toys,Puzzle,2,18.02,36.04,149
1548,2025-09-20,SF,Grocery,Olive Oil,1,25.19,25.19,429
2184,2024-11-11,CHI,Grocery,Coffee Beans,2,14.98,29.96,497
1197,2024-05-29,LA,Electronics,Laptop,3,1010.5,3031.5,141
967,2024-09-04,LA,Electronics,Headphones,1,39.77,39.77,45
2504,2025-10-25,NY,Electronics,Laptop,5,817.38,4086.9,355
1406,2025-12-28,NY,Toys,Action Figure,3,13.74,41.22,222
1572,2025-12-24,LA,Clothing,Jeans,,57.78,173.34,391
2438,2025-02-21,NY,Electronics,Laptop,1,869.74,869.74,330
2666,2025-11-04,SF,Toys,Action Figure,4,10.79,43.16,467
2787,2025-10-14,CHI,Clothing,Jeans,4,50.5,202.0,160
930,2024-12-20,SF,Electronics,Laptop,,818.53,2455.59,77
896,2025-12-13,CHI,Grocery,Olive Oil,2,20.46,40.92,166
2038,2024-04-12,NY,Electronics,Headphones,2,45.18,90.36,500
2685,2024-11-16,LA,Grocery,Olive Oil,2,19.91,39.82,63
2166,2025-02-10,SF,Grocery,Coffee Beans,1,15.13,15.13,35
1175,2024-02-25,SF,Clothing,Jeans,2,59.16,118.32,235
2550,2024-10-05,,Clothing,T-Shirt,1,20.53,20.53,493
396,2024-04-07,CHI,Home,Lamp,1,34.27,34.27,39
2575,2025-11-19,SF,Grocery,Coffee Beans,3,12.04,36.12,196
881,2025-12-31,SF,Clothing,Jeans,1,58.72,58.72,388
2353,2024-12-08,CHI,Toys,Board Game,1,22.35,22.35,176
541,2024-11-28,CHI,Clothing,T-Shirt,1,20.7,20.7,331
355,2024-03-01,SF,Grocery,Coffee Beans,3,15.2,45.6,306
11,2024-11-18,LA,Electronics,Headphones,2,44.96,89.92,336
2457,2025-11-24,SF,Electronics,Headphones,1,40.04,40.04,292
907,2024-03-06,CHI,Toys,Action Figure,3,11.35,34.05,137
2625,2025-02-20,SF,Toys,Puzzle,3,17.71,53.13,295
2375,2024-06-25,NY,Toys,Board Game,2,28.33,56.66,365
2248,2024-11-05,SF,Grocery,Snack Box,2,11.34,22.68,204
2325,2024-12-15,LA,Clothing,Jeans,4,58.63,234.52,128
381,2024-12-04,CHI,Toys,Puzzle,1,20.45,20.45,314
2677,2024-02-23,NY,Grocery,Coffee Beans,1,13.78,13.78,186
1369,2025-01-26,CHI,Toys,Action Figure,1,11.53,11.53,100
259,2025-05-02,LA,Grocery,Coffee Beans,4,13.61,54.44,388
683,2024-11-12,LA,Grocery,Snack Box,4,10.9,43.6,221
1543,2024-09-16,NY,Grocery,Olive Oil,4,20.87,83.48,311
2217,2025-03-14,SF,Clothing,T-Shirt,2,22.61,45.22,443
2622,2024-11-23,CHI,Toys,Puzzle,1,16.0,16.0,415
2174,2024-05-25,CHI,Home,Blender,2,43.63,87.26,342
2734,2024-12-23,LA,Electronics,Phone Case,4,12.81,51.24,263
325,2025-10-28,LA,Home,Lamp,3,28.51,85.53,154
440,2024-08-04,LA,Toys,Board Game,1,28.37,28.37,22
240,2025-09-30,NY,Grocery,Olive Oil,1,23.75,23.75,66
776,2025-12-02,CHI,Electronics,Headphones,2,38.93,77.86,180
1324,2024-06-26,SF,Grocery,Olive Oil,2,19.55,39.1,265
372,2024-05-06,CHI,Clothing,T-Shirt,1,22.38,22.38,180
745,2025-12-29,CHI,Clothing,T-Shirt,1,20.98,20.98,59
1454,2024-03-28,SF,Electronics,Laptop,5,980.89,4904.45,173
1738,2024-09-09,LA,Clothing,Jeans,5,60.94,304.7,50
2011,2025-11-11,SF,Grocery,Olive Oil,1,20.93,20.93,272
207,2024-11-28,SF,Grocery,Olive Oil,3,20.37,61.11,140
458,2024-10-08,CHI,Grocery,Olive Oil,3,23.4,70.2,437
1696,2025-12-04,SF,Grocery,Olive Oil,1,21.68,21.68,336
629,2024-05-04,LA,Clothing,Jeans,3,60.23,180.69,198
2055,2025-03-19,NY,Toys,Action Figure,1,11.77,11.77,401
2436,2024-04-06,SF,Electronics,Phone Case,2,14.1,28.2,451
426,2025-03-24,LA,Home,Blender,1,47.98,47.98,453
1674,2024-08-10,NY,Home,Blender,1,43.98,-43.98,71
1218,2025-07-03,NY,Home,Lamp,,28.78,115.12,225
1852,2025-12-14,NY,Electronics,Phone Case,2,16.73,33.46,153
1211,2024-02-22,CHI,Electronics,Laptop,2,991.64,1983.28,88
2764,2025-12-10,NY,Electronics,Phone Case,1,12.9,12.9,26
1403,2025-11-10,SF,Clothing,Jacket,3,107.19,321.57,369
1797,2024-11-03,CHI,Clothing,Jeans,2,48.54,97.08,27
1250,2025-11-24,CHI,Home,Lamp,,27.34,54.68,189
2372,2024-11-02,NY,Toys,Board Game,2,23.31,46.62,442
361,2024-04-05,CHI,Grocery,Coffee Beans,3,15.55,46.65,326
378,2025-03-09,NY,Home,Cookware Set,3,90.42,271.26,328
2621,2024-11-14,NY,Toys,Action Figure,1,13.6,13.6,306
1825,2025-11-23,CHI,Electronics,Phone Case,1,13.11,13.11,310
1843,2025-12-23,LA,Grocery,Olive Oil,2,19.12,38.24,466
65,2024-09-10,SF,Clothing,Jacket,2,133.01,266.02,393
2710,2024-02-13,SF,Home,Lamp,3,26.59,79.77,424
1455,2024-10-02,NY,Grocery,Olive Oil,1,18.95,18.95,64
1592,2024-11-05,CHI,Grocery,Snack Box,4,8.74,34.96,206
2967,2025-11-25,NY,Electronics,Phone Case,4,13.41,53.64,239
1263,2025-12-20,SF,Toys,Puzzle,1,17.11,17.11,179
2956,2024-12-25,NY,Clothing,T-Shirt,2,21.97,43.94,280
1064,2024-07-18,SF,Electronics,Phone Case,1,13.27,13.27,23
422,2024-11-23,CHI,Grocery,Coffee Beans,3,13.49,40.47,436
512,2025-12-28,NY,Clothing,Jacket,2,121.53,243.06,390
1484,2024-08-03,SF,Clothing,T-Shirt,3,21.88,65.64,295
1799,2025-12-11,LA,Grocery,Olive Oil,2,19.89,39.78,198
1466,2025-06-04,SF,Grocery,Coffee Beans,2,15.29,30.58,482
40,2024-11-24,LA,Grocery,Olive Oil,1,24.85,24.85,140
2335,2025-11-06,NY,Home,Cookware Set,1,78.91,78.91,57
2627,2024-06-21,NY,Toys,Action Figure,3,11.68,35.04,3
1444,2025-12-11,NY,Home,Lamp,1,32.52,32.52,28
2538,2025-08-02,CHI,Grocery,Snack Box,2,10.44,20.88,111
525,2024-06-12,CHI,Clothing,T-Shirt,3,20.12,60.36,48
155,2024-06-05,CHI,Toys,Action Figure,1,12.59,12.59,35
646,2024-08-01,NY,Home,Blender,1,46.43,46.43,240
212,2024-12-12,LA,Home,Cookware Set,1,97.7,97.7,488
1793,2025-03-03,CHI,Home,Blender,2,50.97,101.94,228
2101,2024-09-03,CHI,Electronics,Phone Case,2,14.86,29.72,317
838,2024-11-27,LA,Clothing,Jacket,3,135.27,405.81,83
1420,2024-12-13,LA,Home,Cookware Set,1,88.35,88.35,327
1416,2025-09-24,NY,Home,Cookware Set,1,96.61,96.61,24
315,2025-04-06,SF,Home,Blender,3,46.81,140.43,284
2187,2025-12-09,LA,Electronics,Laptop,5,980.56,4902.8,340
197,2025-04-25,NY,Toys,Puzzle,3,19.79,59.37,464
196,2025-11-05,NY,Clothing,T-Shirt,1,18.91,18.91,147
1359,2025-08-14,CHI,Toys,Puzzle,2,15.96,31.92,500
2278,2024-12-15,CHI,Toys,Board Game,1,28.34,28.34,2
283,2025-09-04,NY,Clothing,T-Shirt,1,17.61,17.61,126
669,2025-03-28,CHI,Home,Blender,2,51.58,103.16,23
39,2025-09-18,NY,Clothing,Jeans,3,60.51,181.53,342
2856,2025-07-15,CHI,Electronics,Phone Case,1,13.68,13.68,244
687,2025-09-18,LA,Clothing,T-Shirt,1,17.79,17.79,306
1628,2024-11-19,SF,Grocery,Olive Oil,1,24.37,24.37,76
1483,2025-12-11,LA,Grocery,Snack Box,3,10.24,30.72,489
1242,2024-01-10,CHI,Electronics,Headphones,2,40.86,81.72,258
2585,2024-12-15,NY,Toys,Board Game,1,23.01,23.01,485
400,2024-12-27,NY,Clothing,Jeans,1,51.84,51.84,111
379,2024-11-13,NY,Grocery,Snack Box,1,10.35,10.35,262
2604,2024-11-16,LA,Grocery,Snack Box,,9.55,19.1,404
69,2024-11-01,CHI,Grocery,Olive Oil,,21.85,87.4,437
828,2025-11-27,CHI,Clothing,Jeans,1,52.57,52.57,142
26,2025-11-22,CHI,Grocery,Snack Box,3,9.92,29.76,182
402,2024-12-28,CHI,Electronics,Phone Case,3,14.09,42.27,285
2962,2024-11-03,LA,Home,Blender,1,43.72,43.72,491
1643,2024-12-21,CHI,Home,Cookware Set,4,79.89,319.56,58
2476,2024-02-11,CHI,Toys,Action Figure,4,13.63,54.52,477
1426,2024-03-13,LA,Electronics,Laptop,1,880.43,880.43,401
501,2024-12-15,SF,Grocery,Snack Box,2,9.12,18.24,423
1333,2024-11-22,NY,Home,Cookware Set,3,95.41,286.23,61
2839,2024-04-13,NY,Electronics,Laptop,1,996.7,996.7,194
877,2025-11-27,CHI,Toys,Board Game,1,25.4,25.4,481
2280,2024-04-02,CHI,Clothing,T-Shirt,1,19.7,19.7,265
2098,2025-02-18,NY,Home,Cookware Set,2,85.41,170.82,121
1123,2024-02-10,CHI,Home,Blender,2,42.0,84.0,332
833,2024-12-21,CHI,Toys,Puzzle,1,18.22,18.22,228
109,2025-07-09,NY,Toys,Puzzle,1,19.75,19.75,97
1765,2025-06-24,LA,Toys,Action Figure,2,12.98,25.96,485
2464,2024-08-04,NY,Home,Lamp,1,29.89,29.89,34
2060,2024-10-01,SF,Grocery,Snack Box,1,10.43,10.43,354
2401,2024-12-16,NY,Toys,Puzzle,3,15.98,47.94,364
1634,2024-04-11,NY,Clothing,Jeans,,57.71,57.71,139
656,2024-08-07,NY,Clothing,Jeans,5,46.86,234.3,396
1714,2025-12-27,SF,Toys,Puzzle,2,20.5,41.0,464
831,2024-10-22,NY,Toys,Board Game,4,21.85,87.4,56
2555,2024-12-04,SF,Home,Lamp,1,31.42,31.42,448
2554,2025-12-20,CHI,Home,Blender,4,51.58,206.32,179
200,2025-06-11,LA,Electronics,Laptop,1,926.12,926.12,150
935,2024-11-27,CHI,Toys,Board Game,1,21.33,21.33,352
1275,2024-06-02,CHI,Electronics,Headphones,3,40.83,122.49,381
2663,2025-10-08,CHI,Toys,Puzzle,1,19.64,19.64,191
1970,2024-05-30,LA,Electronics,Headphones,2,39.23,78.46,333
1378,2024-01-02,LA,Electronics,Phone Case,2,14.33,28.66,242
2215,2024-05-14,NY,Grocery,Snack Box,1,9.92,9.92,140
2726,2025-03-04,SF,Electronics,Phone Case,3,14.6,43.8,356
1735,2024-07-15,CHI,Toys,Action Figure,5,12.2,61.0,322
845,2024-07-18,LA,Home,Blender,2,42.66,85.32,401
1096,2024-09-09,CHI,Clothing,Jeans,1,47.81,47.81,236
1768,2025-11-28,NY,Grocery,Snack Box,2,11.05,22.1,467
888,2024-12-23,LA,Toys,Action Figure,2,13.27,26.54,252
2294,2025-10-24,CHI,Grocery,Snack Box,2,8.61,17.22,476
513,2025-11-14,,Home,Cookware Set,2,84.5,169.0,346
1881,2025-05-24,CHI,Electronics,Laptop,1,948.07,948.07,212
2119,2025-06-01,SF,Electronics,Headphones,2,45.02,90.04,200
2144,2025-05-27,LA,Home,Cookware Set,1,74.88,74.88,489
173,2025-06-27,SF,Home,Blender,2,39.28,78.56,180
1614,2024-06-28,LA,Clothing,Jeans,4,52.84,211.36,166
423,2025-11-16,LA,Grocery,Coffee Beans,1,12.66,12.66,170
1973,2024-11-12,CHI,Electronics,Headphones,4,45.37,181.48,466
176,2025-12-19,NY,Home,Blender,2,44.19,88.38,181
499,2025-05-25,NY,Toys,Action Figure,2,13.08,26.16,255
2494,2024-03-30,LA,Home,Cookware Set,1,95.64,95.64,390
2257,2024-08-03,CHI,Electronics,Phone Case,2,14.62,29.24,48
1823,2024-07-23,NY,Electronics,Phone Case,3,13.3,39.9,96
123,2025-11-08,SF,Home,Cookware Set,3,90.58,271.74,117
1689,2024-11-26,SF,Toys,Action Figure,1,13.44,13.44,490
2093,2024-11-16,CHI,Grocery,Coffee Beans,5,14.92,74.6,345
2706,2025-12-24,NY,Toys,Action Figure,1,12.31,12.31,387
2549,2025-12-23,LA,Electronics,Laptop,1,996.63,996.63,241
107,2025-11-09,CHI,Clothing,Jeans,2,53.54,107.08,417
2546,2025-07-28,SF,Electronics,Phone Case,1,12.97,12.97,159
1053,2025-04-20,NY,Grocery,Snack Box,2,10.37,20.74,174
195,2024-08-29,NY,Electronics,Laptop,2,779.38,1558.76,192
2126,2025-11-19,LA,Grocery,Olive Oil,1,20.19,20.19,388
1762,2025-06-18,LA,Home,Cookware Set,3,86.61,259.83,145
1015,2025-11-09,LA,Toys,Puzzle,1,20.14,20.14,126
903,2025-10-01,LA,Grocery,Olive Oil,2,20.02,40.04,452
500,2025-11-26,SF,Electronics,Headphones,1,38.84,38.84,456
585,2025-11-17,SF,Toys,Puzzle,1,15.33,15.33,175
660,2024-12-08,SF,Grocery,Olive Oil,1,19.22,19.22,451
1565,2024-11-03,NY,Home,Cookware Set,2,80.87,161.74,498
2189,2024-12-11,NY,Home,Cookware Set,4,75.56,302.24,332
593,2025-11-10,CHI,Electronics,Headphones,2,45.04,90.08,315
2381,2025-11-07,SF,Electronics,Phone Case,1,15.05,15.05,159
1807,2025-11-05,CHI,Clothing,T-Shirt,1,20.98,20.98,243
1362,2025-04-24,LA,Toys,Board Game,2,22.84,45.68,250
2869,2024-04-16,NY,Grocery,Coffee Beans,1,12.04,12.04,107
649,2025-06-28,LA,Clothing,Jacket,3,105.5,316.5,270
1782,2024-10-25,LA,Clothing,Jacket,1,104.03,104.03,95
1870,2024-12-27,LA,Electronics,Headphones,1,38.65,38.65,454
1059,2024-12-15,LA,Clothing,Jacket,3,134.71,404.13,342
1078,2025-12-14,CHI,Electronics,Laptop,1,885.02,885.02,240
1409,2025-04-20,CHI,Home,Lamp,3,28.97,86.91,76
1205,2025-06-17,LA,Toys,Puzzle,5,16.85,84.25,157
534,2025-02-21,CHI,Electronics,Phone Case,4,16.45,65.8,222
2992,2025-11-13,LA,Home,Cookware Set,5,93.07,465.35,70
191,2025-01-26,CHI,Grocery,Olive Oil,1,21.75,21.75,495
2617,2025-11-04,NY,Clothing,Jeans,2,55.72,111.44,272
305,2024-09-30,NY,Clothing,Jacket,3,120.95,362.85,192
2875,2025-03-19,NY,Toys,Board Game,3,25.47,76.41,277
2255,2024-11-06,LA,Grocery,Snack Box,1,9.54,9.54,245
599,2024-08-03,SF,Grocery,Olive Oil,2,21.12,42.24,187
2883,2025-02-26,NY,Electronics,Laptop,5,967.01,4835.05,87
2466,2024-02-06,NY,Clothing,Jacket,1,124.58,124.58,142
2149,2025-11-27,SF,Grocery,Olive Oil,4,22.99,91.96,424
775,2024-11-22,NY,Grocery,Coffee Beans,2,14.08,28.16,426
2570,2024-12-13,CHI,Electronics,Laptop,2,955.57,1911.14,114
740,2024-04-25,CHI,Home,Lamp,1,29.89,29.89,434
518,2025-12-02,SF,Electronics,Laptop,5,869.64,4348.2,495
2273,2024-10-15,NY,Grocery,Coffee Beans,1,13.63,13.63,176
1602,2025-12-15,CHI,Home,Blender,5,41.05,205.25,16
494,2025-11-16,SF,Grocery,Snack Box,2,10.23,20.46,266
961,2025-11-27,CHI,Electronics,Phone Case,3,12.82,38.46,24
616,2024-10-05,LA,Toys,Action Figure,2,13.71,27.42,497
2,2025-06-01,LA,Toys,Board Game,1,21.47,21.47,367
1546,2024-11-20,LA,Toys,Puzzle,3,20.02,60.06,362
469,2025-11-28,LA,Clothing,Jacket,2,106.31,212.62,71
1493,2024-11-18,NY,Grocery,Snack Box,3,10.83,-32.49,222
1093,2025-02-24,NY,Electronics,Laptop,1,905.0,905.0,67
2597,2024-07-01,NY,Grocery,Snack Box,2,10.35,20.7,253
289,2025-12-25,LA,Grocery,Olive Oil,1,20.29,20.29,413
1785,2024-11-25,SF,Grocery,Coffee Beans,1,14.5,14.5,20
2209,2025-06-18,SF,Toys,Puzzle,1,17.91,17.91,298
1399,2025-08-17,LA,Clothing,Jacket,3,134.65,403.95,318
524,2025-07-17,SF,Grocery,Snack Box,3,9.4,28.2,270
591,2025-11-16,LA,Clothing,Jeans,1,51.93,51.93,121
556,2025-10-31,NY,Home,Cookware Set,1,86.13,86.13,265
2110,2025-07-10,SF,Toys,Board Game,1,26.66,26.66,99
2511,2024-03-29,LA,Clothing,Jeans,,55.48,110.96,466
704,2025-07-10,CHI,Home,Blender,4,44.44,177.76,122
1710,2025-12-08,CHI,Home,Blender,2,46.85,93.7,153
367,2024-11-05,LA,Clothing,Jeans,3,57.57,172.71,266
2009,2024-09-02,CHI,Toys,Action Figure,4,10.73,42.92,491
663,2025-02-06,NY,Clothing,T-Shirt,3,17.3,51.9,114
1122,2025-09-04,CHI,Clothing,Jeans,1,50.12,50.12,379
444,2024-09-27,CHI,Home,Cookware Set,4,94.69,378.76,293
2108,2025-04-18,CHI,Electronics,Laptop,1,1024.41,1024.41,150
93,2024-12-14,LA,Electronics,Phone Case,2,14.03,28.06,495
2458,2025-12-08,NY,Toys,Puzzle,1,20.55,20.55,196
2431,2025-12-23,LA,Grocery,Olive Oil,1,18.91,18.91,433
190,2025-04-25,LA,Grocery,Coffee Beans,3,13.2,39.6,189
539,2024-12-18,NY,Electronics,Phone Case,1,16.69,16.69,157
1576,2024-03-20,LA,Electronics,Phone Case,1,15.45,15.45,256
899,2024-03-18,LA,Toys,Board Game,3,24.98,74.94,148
996,2024-03-02,SF,Home,Cookware Set,2,83.03,166.06,322
375,2024-03-13,NY,Toys,Board Game,2,23.06,46.12,185
1310,2024-05-08,NY,Grocery,Snack Box,2,8.51,17.02,19
2823,2025-06-25,CHI,Electronics,Headphones,1,39.67,39.67,268
1994,2025-12-15,LA,Grocery,Olive Oil,1,21.95,21.95,27
2900,2024-06-11,SF,Toys,Board Game,2,21.45,42.9,162
686,2025-10-14,SF,Toys,Action Figure,3,11.29,33.87,78
1298,2024-12-22,NY,Electronics,Laptop,2,866.47,1732.94,179
1255,2024-11-26,NY,Electronics,Phone Case,1,16.96,16.96,491
2259,2025-04-16,LA,Clothing,T-Shirt,4,22.2,88.8,28
2535,2024-11-26,LA,Home,Lamp,1,30.42,30.42,10
1545,2025-09-14,CHI,Grocery,Coffee Beans,4,15.53,62.12,89
1198,2025-01-22,NY,Electronics,Headphones,5,38.53,192.65,90
1163,2025-12-13,CHI,Home,Blender,3,50.83,152.49,335
137,2024-08-19,CHI,Home,Blender,1,44.57,44.57,496
1627,2025-12-12,LA,Toys,Puzzle,3,16.89,50.67,76
2852,2024-10-30,SF,Grocery,Coffee Beans,4,15.16,60.64,258
2919,2025-05-03,NY,Grocery,Olive Oil,1,21.54,21.54,10
1003,2025-05-16,CHI,Toys,Puzzle,2,17.59,35.18,422
2524,2025-11-12,LA,Clothing,Jacket,2,120.3,240.6,368
786,2024-12-03,CHI,Electronics,Phone Case,1,14.51,14.51,295
1126,2024-12-03,LA,Toys,Puzzle,2,17.04,34.08,27
226,2025-10-12,SF,Grocery,Olive Oil,1,24.28,24.28,65
108,2024-11-27,NY,Grocery,Coffee Beans,1,13.81,13.81,497
2029,2025-12-15,NY,Grocery,Snack Box,2,9.95,19.9,500
287,2025-11-18,CHI,Toys,Board Game,4,28.54,114.16,403
2840,2025-07-17,SF,Toys,Puzzle,3,17.27,51.81,207
890,2025-07-29,NY,Grocery,Snack Box,2,10.12,20.24,201
2761,2025-07-23,CHI,Grocery,Snack Box,1,11.15,11.15,65
810,2024-07-23,LA,Clothing,T-Shirt,2,18.42,36.84,38
2985,2025-12-08,CHI,Electronics,Headphones,2,41.32,82.64,163
938,2025-02-08,LA,Home,Cookware Set,1,88.05,88.05,496
129,2024-12-19,SF,Home,Cookware Set,1,86.19,86.19,328
2168,2024-04-21,NY,Clothing,T-Shirt,5,19.07,95.35,238
503,2024-12-18,SF,Toys,Board Game,2,21.98,43.96,360
433,2024-03-24,NY,Electronics,Headphones,2,36.48,72.96,158
337,2024-11-12,SF,Electronics,Laptop,2,793.23,1586.46,176
1264,2024-09-28,NY,Electronics,Laptop,2,1012.38,2024.76,404
1948,2025-12-07,CHI,Clothing,Jacket,4,133.97,535.88,224
2791,2024-11-18,LA,Clothing,T-Shirt,2,17.33,34.66,268
2654,2024-06-16,CHI,Clothing,T-Shirt,5,22.01,110.05,21
247,2025-08-15,NY,Toys,Action Figure,3,13.68,41.04,299
2158,2025-11-22,LA,Electronics,Headphones,3,44.0,132.0,417
566,2025-11-07,CHI,Toys,Puzzle,1,18.49,18.49,424
1584,2025-12-25,SF,Electronics,Headphones,4,34.08,136.32,102
2106,2025-11-16,SF,Home,Cookware Set,2,76.61,153.22,209
1968,2024-03-16,SF,Grocery,Olive Oil,1,19.53,19.53,432
671,2024-11-08,CHI,Home,Blender,3,42.88,128.64,242
1519,2025-11-13,CHI,Grocery,Coffee Beans,4,12.77,51.08,268
1259,2024-11-01,LA,Home,Blender,3,45.16,135.48,219
2199,2025-02-06,CHI,Home,Lamp,4,27.76,111.04,101
2694,2025-06-10,SF,Home,Blender,1,47.03,47.03,318
2887,2024-11-08,SF,Clothing,Jeans,1,62.54,62.54,35
34,2024-05-02,LA,Grocery,Coffee Beans,1,14.74,14.74,297
2058,2025-05-03,SF,Clothing,Jeans,4,50.07,200.28,83
734,2024-04-18,NY,Clothing,T-Shirt,2,19.82,39.64,219
1000,2025-01-04,LA,Clothing,T-Shirt,2,18.97,37.94,365
863,2024-08-14,NY,Home,Blender,1,39.63,39.63,214
453,2025-11-28,NY,Toys,Puzzle,4,17.44,69.76,124
1135,2025-10-18,NY,Toys,Puzzle,2,17.31,34.62,210
868,2024-11-16,NY,Electronics,Laptop,1,969.48,969.48,466
1661,2025-12-21,SF,Toys,Action Figure,2,11.4,22.8,131
2295,2024-08-17,LA,Toys,Puzzle,2,18.16,36.32,238
149,2025-03-07,NY,Home,Blender,1,40.6,40.6,244
2736,2025-10-30,CHI,Clothing,T-Shirt,2,22.37,44.74,69
1115,2024-10-12,SF,Toys,Board Game,1,24.69,24.69,23
1206,2024-04-02,NY,Electronics,Laptop,1,874.76,874.76,374
1257,2024-12-05,LA,Clothing,Jeans,4,59.28,237.12,29
551,2024-11-13,SF,Toys,Board Game,2,27.94,55.88,258
1957,2025-06-21,CHI,Grocery,Snack Box,1,10.16,10.16,77
2250,2025-12-01,LA,Grocery,Snack Box,2,11.09,22.18,355
1393,2024-12-08,CHI,Clothing,Jeans,1,56.41,56.41,217
1961,2024-06-05,LA,Toys,Puzzle,3,19.41,58.23,126
263,2024-10-18,CHI,Grocery,Snack Box,5,8.82,44.1,456
1626,2024-06-11,SF,Home,Cookware Set,1,81.5,81.5,244
2593,2025-08-10,NY,Clothing,Jeans,1,50.86,50.86,407
357,2024-05-09,LA,Toys,Board Game,4,28.69,114.76,128
570,2025-11-09,CHI,Grocery,Snack Box,3,11.22,33.66,393
493,2024-11-17,NY,Toys,Action Figure,1,10.37,10.37,361
808,2025-05-11,NY,Electronics,Phone Case,3,13.54,40.62,459
642,2024-11-22,CHI,Electronics,Phone Case,3,16.61,49.83,98
286,2024-06-28,CHI,Home,Lamp,4,26.05,104.2,285
4,2024-12-10,NY,Toys,Action Figure,1,11.2,11.2,48
160,2025-09-28,NY,Clothing,Jeans,5,60.7,303.5,312
2326,2025-11-06,SF,Electronics,Laptop,2,851.73,1703.46,465
1753,2024-01-29,SF,Grocery,Coffee Beans,1,11.92,11.92,440
2313,2025-12-31,NY,Electronics,Laptop,1,776.65,776.65,133
2863,2025-05-27,CHI,Home,Lamp,3,29.55,88.65,256
2849,2025-12-07,NY,Toys,Action Figure,1,10.71,10.71,424
253,2024-11-01,LA,Toys,Board Game,1,28.43,28.43,483
942,2024-11-19,CHI,Home,Cookware Set,4,80.23,320.92,392
2885,2025-01-15,SF,Electronics,Headphones,1,36.23,36.23,452
773,2025-09-17,SF,Grocery,Snack Box,3,9.56,28.68,172
852,2024-10-06,CHI,Grocery,Olive Oil,2,19.28,38.56,364
387,2025-11-02,CHI,Electronics,Phone Case,3,16.36,49.08,115
1876,2025-12-24,SF,Grocery,Coffee Beans,1,12.31,12.31,39
239,2025-01-06,NY,Electronics,Laptop,2,778.81,1557.62,198
384,2025-11-16,CHI,Electronics,Headphones,2,38.02,76.04,262
1449,2024-02-23,NY,Clothing,Jeans,2,49.79,99.58,278
2611,2025-11-11,LA,Toys,Board Game,3,27.45,82.35,22
1199,2025-12-23,SF,Grocery,Snack Box,2,11.13,22.26,283
1806,2025-10-05,SF,Grocery,Snack Box,2,9.73,19.46,354
1178,2024-07-02,NY,Clothing,T-Shirt,5,17.58,87.9,264
61,2025-01-28,LA,Toys,Puzzle,3,18.41,55.23,76
713,2025-05-19,LA,Grocery,Olive Oil,2,22.13,44.26,363
1300,2024-11-20,SF,Toys,Action Figure,1,10.92,10.92,310
1888,2025-12-05,SF,Toys,Puzzle,1,18.23,18.23,474
1947,2025-12-30,CHI,Clothing,T-Shirt,1,17.6,17.6,227
2097,2024-09-08,SF,Grocery,Coffee Beans,1,11.91,11.91,46
413,2024-08-12,CHI,Grocery,Snack Box,5,8.67,43.35,182
2637,2024-03-05,SF,Clothing,Jeans,3,58.91,176.73,363
1305,2024-11-03,CHI,Toys,Action Figure,2,12.09,24.18,176
1936,2024-05-07,CHI,Home,Blender,1,41.69,41.69,2
592,2024-09-12,SF,Clothing,Jeans,1,50.16,50.16,80
1865,2024-12-01,SF,Toys,Puzzle,1,15.67,15.67,360
1676,2025-01-24,NY,Electronics,Laptop,1,883.41,-883.41,48
257,2024-11-08,NY,Clothing,Jacket,2,111.76,223.52,343
1473,2025-08-21,SF,Grocery,Coffee Beans,2,15.16,30.32,408
1212,2025-07-06,NY,Home,Blender,2,42.81,85.62,149
2523,2024-11-07,LA,Home,Lamp,1,29.81,29.81,73
53,2024-11-17,CHI,Electronics,Phone Case,3,14.71,44.13,311
590,2024-12-16,NY,Home,Blender,3,43.64,130.92,284
922,2025-05-18,CHI,Toys,Board Game,1,23.31,23.31,475
1539,2025-03-23,CHI,Clothing,Jacket,3,132.01,396.03,356
2954,2025-05-08,NY,Grocery,Snack Box,3,10.35,31.05,380
417,2024-06-30,SF,Home,Cookware Set,1,77.39,77.39,31
1152,2025-11-12,CHI,Home,Lamp,4,32.85,131.4,194
2307,2024-12-30,LA,Grocery,Coffee Beans,1,12.58,12.58,293
2004,2025-10-21,SF,Clothing,Jacket,2,119.34,238.68,480
1784,2024-04-24,CHI,Clothing,T-Shirt,1,20.28,20.28,266
120,2024-04-12,CHI,Electronics,Headphones,2,40.03,80.06,52
1432,2025-11-10,NY,Clothing,Jacket,1,131.4,131.4,121
792,2025-12-03,SF,Clothing,T-Shirt,1,17.21,17.21,256
2722,2024-12-04,NY,Grocery,Snack Box,2,11.26,22.52,97
2333,2024-09-11,CHI,Toys,Puzzle,2,18.88,37.76,357
1706,2025-12-27,LA,Grocery,Snack Box,1,11.38,11.38,392
1559,2025-07-18,SF,Home,Blender,5,42.87,214.35,47
1944,2024-10-03,NY,Clothing,T-Shirt,2,20.43,40.86,49
2920,2024-03-27,LA,Clothing,Jacket,3,104.7,314.1,190
588,2024-08-13,LA,Electronics,Laptop,2,783.24,1566.48,410
1323,2025-12-27,NY,Clothing,Jacket,1,137.74,137.74,411
148,2024-01-16,LA,Clothing,T-Shirt,1,20.97,20.97,302
2850,2024-09-26,CHI,Grocery,Olive Oil,1,19.51,19.51,273
2612,2025-09-30,SF,Toys,Action Figure,2,10.47,20.94,50
829,2025-05-28,NY,Electronics,Headphones,2,38.47,76.94,241
2808,2024-10-10,NY,Clothing,T-Shirt,2,22.82,45.64,393
2077,2025-11-08,CHI,Clothing,T-Shirt,2,17.8,35.6,116
2167,2024-05-15,SF,Clothing,T-Shirt,1,18.22,18.22,184
158,2025-08-14,LA,Electronics,Laptop,1,927.11,927.11,337
2024,2025-07-01,NY,Toys,Action Figure,3,10.64,31.92,247
331,2025-03-09,NY,Home,Blender,1,41.66,41.66,230
27,2025-11-20,NY,Toys,Action Figure,3,11.88,35.64,32
690,2024-01-16,CHI,Clothing,T-Shirt,1,18.16,18.16,114
7,2024-10-23,LA,Clothing,Jacket,2,104.5,209.0,444
2843,2025-05-17,CHI,Toys,Action Figure,5,11.13,55.65,439
1692,2025-04-18,SF,Clothing,Jacket,1,125.74,125.74,390
2138,2024-12-15,NY,Electronics,Headphones,1,36.8,36.8,311
2534,2025-01-19,LA,Electronics,Phone Case,1,16.95,16.95,303
1249,2025-09-10,CHI,Toys,Puzzle,2,16.69,33.38,113
1518,2025-11-26,NY,Clothing,Jeans,2,52.85,105.7,49
549,2025-02-18,LA,Grocery,Snack Box,2,8.59,17.18,465
1795,2025-11-06,SF,Clothing,Jacket,4,109.01,436.04,461
1868,2024-09-23,SF,Clothing,Jacket,1,111.23,111.23,232
2833,2024-09-08,SF,Home,Blender,2,44.15,88.3,357
2171,2024-11-22,SF,Grocery,Snack Box,1,11.43,11.43,158
581,2024-11-20,LA,Clothing,Jacket,2,135.51,271.02,346
1895,2024-07-11,NY,Toys,Board Game,4,27.51,110.04,254
731,2024-01-16,NY,Electronics,Laptop,1,805.32,805.32,106
1173,2024-12-22,CHI,Grocery,Olive Oil,2,20.93,41.86,201
2759,2024-11-11,NY,Grocery,Olive Oil,1,19.44,19.44,88
1982,2024-12-26,NY,Clothing,T-Shirt,1,22.95,22.95,113
2735,2024-11-02,SF,Toys,Board Game,1,22.65,22.65,35
251,2024-06-26,SF,Home,Cookware Set,1,84.45,84.45,280
1490,2025-03-31,CHI,Electronics,Phone Case,3,15.93,47.79,135
362,2025-03-15,CHI,Home,Blender,1,48.99,48.99,138
1934,2025-10-10,LA,Home,Cookware Set,2,78.55,157.1,455
522,2024-06-13,SF,Electronics,Laptop,1,840.36,840.36,3
1453,2025-12-15,LA,Grocery,Olive Oil,3,21.5,64.5,68
965,2025-09-23,CHI,Grocery,Snack Box,2,9.96,19.92,412
788,2025-12-11,SF,Clothing,T-Shirt,2,19.31,38.62,206
2729,2025-12-07,NY,Home,Cookware Set,2,91.34,182.68,329
1578,2025-11-22,CHI,Clothing,Jeans,1,49.24,49.24,18
425,2025-12-10,NY,Home,Lamp,1,25.6,25.6,180
2081,2024-12-15,LA,Toys,Board Game,2,24.51,49.02,425
2124,2025-02-05,SF,Toys,Board Game,2,27.87,55.74,69
797,2024-11-03,LA,Grocery,Coffee Beans,1,15.41,15.41,219
2308,2025-11-09,NY,Toys,Puzzle,4,17.32,69.28,215
1882,2024-03-05,SF,Clothing,T-Shirt,1,20.46,20.46,364
507,2025-03-19,CHI,Toys,Board Game,1,25.23,25.23,474
1016,2024-11-24,CHI,Grocery,Olive Oil,2,19.26,38.52,302
521,2024-11-24,NY,Clothing,Jeans,5,54.16,270.8,194
2603,2025-01-18,CHI,Home,Lamp,1,25.69,25.69,393
1284,2025-12-02,NY,Electronics,Headphones,5,37.23,186.15,162
2134,2025-11-16,CHI,Home,Lamp,2,25.97,51.94,218
2794,2024-08-17,SF,Toys,Puzzle,3,17.62,52.86,160
2376,2024-11-01,LA,Grocery,Snack Box,1,11.27,11.27,118
2803,2025-11-02,CHI,Toys,Board Game,2,26.22,52.44,500
1509,2024-12-05,CHI,Clothing,Jeans,4,59.97,239.88,111
770,2024-11-04,CHI,Electronics,Headphones,1,36.01,36.01,383
2133,2024-11-25,LA,Clothing,Jacket,1,118.4,118.4,131
615,2024-02-05,SF,Clothing,T-Shirt,1,20.16,20.16,443
359,2025-01-19,NY,Clothing,Jacket,2,124.77,249.54,207
1581,2025-12-14,NY,Home,Blender,1,46.01,46.01,156
1976,2024-01-25,SF,Electronics,Phone Case,2,13.73,27.46,409
336,2025-12-08,LA,Home,Lamp,2,29.67,59.34,177
2000,2025-04-08,SF,Toys,Action Figure,2,12.59,25.18,151
624,2024-11-21,CHI,Grocery,Olive Oil,,21.43,85.72,317
2225,2025-06-21,CHI,Electronics,Laptop,4,846.88,3387.52,301
1445,2024-11-27,LA,Home,Lamp,2,31.85,63.7,157
2700,2024-07-30,LA,Home,Blender,3,48.91,146.73,268
1598,2025-12-19,CHI,Clothing,T-Shirt,1,21.25,21.25,326
679,2025-01-31,NY,Grocery,Olive Oil,2,24.06,48.12,484
2082,2025-04-04,CHI,Grocery,Snack Box,1,10.48,10.48,143
1157,2024-12-22,NY,Grocery,Olive Oil,2,21.34,42.68,376
280,2024-08-16,NY,Clothing,Jacket,1,116.15,116.15,153
2092,2025-07-05,NY,Clothing,Jeans,1,62.48,62.48,404
1705,2024-09-14,SF,Clothing,Jacket,1,135.77,135.77,107
2983,2025-11-05,LA,Clothing,Jacket,1,133.57,133.57,235
1522,2025-04-17,NY,Toys,Action Figure,1,13.65,13.65,472
1586,2025-12-03,SF,Toys,Action Figure,4,11.52,46.08,130
1146,2024-11-24,LA,Clothing,Jacket,2,136.15,272.3,415
1670,2025-04-13,LA,Clothing,Jacket,1,126.28,126.28,395
1698,2024-12-14,NY,Electronics,Phone Case,3,16.6,49.8,494
214,2025-04-05,SF,Toys,Puzzle,1,15.47,15.47,228
479,2025-11-08,NY,Grocery,Snack Box,5,8.65,43.25,335
900,2024-08-19,NY,Home,Blender,2,42.26,84.52,368
1357,2024-10-03,LA,Home,Cookware Set,3,87.88,263.64,299
2742,2025-12-11,LA,Clothing,T-Shirt,1,18.74,18.74,89
1371,2024-11-19,SF,Electronics,Phone Case,1,13.87,13.87,123
1966,2025-10-24,SF,Grocery,Snack Box,2,9.71,19.42,403
1232,2025-11-07,SF,Home,Blender,1,40.7,40.7,109
329,2025-04-17,LA,Grocery,Coffee Beans,2,14.76,29.52,225
1773,2025-12-14,NY,Toys,Puzzle,4,18.38,73.52,213
928,2024-12-12,LA,Clothing,Jacket,1,123.35,123.35,202
750,2024-04-01,CHI,Toys,Puzzle,1,20.61,20.61,434
1021,2025-12-04,SF,Electronics,Headphones,3,36.43,109.29,32
2775,2025-07-10,NY,Electronics,Phone Case,1,16.33,16.33,483
728,2024-11-22,NY,Electronics,Laptop,4,869.65,3478.6,171
1954,2024-10-02,SF,Toys,Board Game,1,24.53,24.53,246
427,2025-12-26,LA,Toys,Action Figure,1,13.37,13.37,84
1356,2024-02-19,NY,Electronics,Laptop,1,1003.5,1003.5,136
1037,2025-12-21,LA,Toys,Action Figure,2,10.33,20.66,4
1022,2024-01-30,LA,Home,Lamp,1,30.48,30.48,468
1554,2024-11-24,LA,Electronics,Headphones,2,41.66,83.32,159
448,2024-11-24,SF,Clothing,T-Shirt,3,18.8,56.4,374
983,2024-04-30,SF,Grocery,Coffee Beans,1,14.03,14.03,81
2460,2025-07-14,LA,Grocery,Snack Box,1,10.31,10.31,261
1256,2025-12-25,NY,Electronics,Phone Case,1,16.06,16.06,104
276,2024-08-11,NY,Electronics,Laptop,,833.7,833.7,217
1731,2025-12-04,SF,Home,Blender,2,47.91,95.82,315
885,2024-11-06,NY,Clothing,Jeans,1,56.73,56.73,390
2066,2024-11-28,NY,Toys,Action Figure,4,12.45,49.8,440
2702,2024-04-26,LA,Grocery,Olive Oil,3,23.66,70.98,313
611,2024-07-07,LA,Grocery,Snack Box,2,11.4,22.8,373
2547,2024-10-31,CHI,Grocery,Snack Box,2,10.79,21.58,473
1487,2025-06-04,NY,Home,Blender,2,39.55,79.1,307
867,2024-03-21,NY,Clothing,Jeans,1,48.82,48.82,40
1582,2025-04-06,CHI,Toys,Action Figure,1,12.87,12.87,365
475,2025-11-27,NY,Home,Lamp,1,26.66,26.66,153
1560,2024-02-02,LA,Grocery,Coffee Beans,2,12.98,25.96,244
2874,2025-01-20,NY,Toys,Action Figure,4,10.86,43.44,442
494,2025-11-16,SF,Grocery,Snack Box,2,10.23,20.46,266
1177,2025-11-13,CHI,Clothing,Jacket,1,125.44,125.44,348
2724,2024-12-22,SF,Toys,Board Game,2,28.25,56.5,233
844,2024-01-26,LA,Electronics,Headphones,1,42.14,42.14,229
1702,2025-11-04,LA,Grocery,Olive Oil,2,22.26,44.52,326
598,2024-12-08,SF,Grocery,Coffee Beans,2,13.27,26.54,242
1050,2025-12-11,NY,Electronics,Headphones,4,38.53,154.12,401
874,2024-11-17,NY,Clothing,Jacket,1,110.19,110.19,239
732,2025-12-22,SF,Grocery,Olive Oil,1,22.33,22.33,294
2474,2024-07-26,CHI,Clothing,T-Shirt,3,20.4,61.2,250
2756,2024-07-06,SF,Clothing,Jeans,1,56.93,56.93,162
2433,2024-12-10,LA,Electronics,Headphones,3,42.0,126.0,497
1648,2025-06-12,,Clothing,Jacket,1,125.85,125.85,400
1999,2025-11-23,SF,Grocery,Olive Oil,3,19.74,59.22,17
1662,2025-10-19,CHI,Grocery,Snack Box,1,11.3,11.3,413
476,2024-12-11,CHI,Home,Lamp,2,32.05,64.1,455
292,2025-11-07,LA,Clothing,T-Shirt,2,18.61,37.22,246
110,2025-03-28,LA,Grocery,Olive Oil,2,22.81,45.62,137
1102,2024-04-17,SF,Grocery,Coffee Beans,1,16.08,16.08,210
2397,2024-12-05,CHI,Grocery,Snack Box,2,10.89,21.78,137
1712,2024-04-25,CHI,Home,Blender,4,43.4,173.6,300
1953,2024-01-21,CHI,Electronics,Laptop,1,919.35,919.35,466
897,2025-11-22,LA,Grocery,Coffee Beans,1,15.29,15.29,173
1309,2025-11-21,CHI,Toys,Board Game,1,25.0,25.0,135
1194,2024-10-02,LA,Clothing,Jacket,2,109.34,218.68,366
77,2024-04-27,LA,Home,Lamp,2,27.01,54.02,494
1524,2025-10-03,CHI,Electronics,Headphones,2,44.63,89.26,72
153,2025-11-28,LA,Grocery,Snack Box,2,9.38,18.76,221
1233,2025-12-12,SF,Home,Lamp,2,28.02,56.04,156
1094,2024-11-10,CHI,Grocery,Olive Oil,1,21.86,21.86,419
2525,2024-02-28,SF,Clothing,T-Shirt,1,21.41,21.41,109
2591,2024-12-20,NY,Toys,Puzzle,2,16.1,32.2,411
1537,2024-09-03,CHI,Toys,Action Figure,3,11.29,33.87,397
2536,2024-12-04,LA,Home,Blender,1,44.12,44.12,374
665,2024-03-28,CHI,Grocery,Snack Box,1,8.65,8.65,397
234,2025-11-27,SF,Electronics,Laptop,4,1020.25,4081.0,479
910,2024-09-21,SF,Electronics,Headphones,1,35.91,35.91,338
2952,2025-12-22,NY,Electronics,Phone Case,2,14.78,29.56,199
821,2025-12-21,CHI,Toys,Action Figure,4,12.98,51.92,361
407,2024-11-02,LA,Toys,Board Game,4,23.9,95.6,332
2239,2025-08-03,LA,Electronics,Laptop,1,814.08,814.08,380
661,2024-08-20,NY,Toys,Action Figure,1,13.55,13.55,325
1625,2024-12-01,LA,Home,Cookware Set,1,79.27,79.27,451
1328,2024-11-24,CHI,Home,Blender,4,41.49,165.96,395
465,2025-11-04,LA,Home,Cookware Set,1,79.9,79.9,151
2485,2024-07-24,LA,Grocery,Snack Box,1,10.55,10.55,455
1542,2024-07-19,LA,Home,Blender,5,50.85,254.25,3
210,2024-11-11,SF,Toys,Puzzle,1,20.67,20.67,157
1437,2025-07-19,CHI,Grocery,Olive Oil,3,23.2,69.6,393
1335,2024-12-04,LA,Electronics,Phone Case,2,12.85,25.7,16
2984,2024-09-29,CHI,Home,Blender,2,38.37,76.74,422
990,2025-12-14,CHI,Electronics,Phone Case,1,16.9,16.9,454
2227,2024-10-26,LA,Toys,Puzzle,,19.56,58.68,383
131,2025-12-17,SF,Clothing,Jeans,2,56.19,112.38,12
2182,2025-02-06,SF,Home,Lamp,1,31.56,31.56,8
157,2024-12-28,CHI,Grocery,Snack Box,1,9.49,9.49,445
2876,2024-11-28,SF,Clothing,Jacket,1,103.17,103.17,32
429,2024-12-23,NY,Toys,Board Game,2,26.74,53.48,221
2114,2024-11-07,SF,Home,Blender,2,42.16,84.32,100
1043,2025-05-22,NY,Toys,Action Figure,2,10.64,21.28,453
753,2024-07-11,SF,Grocery,Coffee Beans,2,14.68,29.36,431
638,2024-11-16,CHI,Clothing,T-Shirt,1,21.14,21.14,287
92,2024-05-09,CHI,Electronics,Headphones,2,40.64,81.28,53
1860,2024-03-12,NY,Home,Lamp,2,28.54,57.08,269
2025,2024-04-04,CHI,Grocery,Olive Oil,1,23.88,23.88,413
1684,2025-11-15,LA,Clothing,T-Shirt,5,22.62,113.1,187
1456,2024-07-02,NY,Home,Cookware Set,3,89.1,267.3,226
561,2024-05-17,NY,Clothing,T-Shirt,2,17.77,35.54,457
2017,2025-12-25,NY,Electronics,Laptop,4,909.52,3638.08,255
456,2025-10-29,NY,Clothing,Jacket,1,110.1,110.1,443
1514,2024-12-07,NY,Grocery,Olive Oil,2,23.88,47.76,136
1384,2025-03-17,NY,Toys,Board Game,3,23.08,69.24,100
1236,2024-12-17,SF,Toys,Board Game,2,21.81,43.62,372
1266,2024-12-05,LA,Electronics,Headphones,5,40.93,204.65,393
980,2025-12-26,SF,Electronics,Phone Case,2,13.77,27.54,394
1900,2024-09-18,CHI,Toys,Board Game,1,25.0,25.0,386
2455,2024-11-03,SF,Grocery,Coffee Beans,2,12.66,25.32,465
2001,2024-11-12,SF,Toys,Action Figure,1,13.11,13.11,108
2148,2024-08-21,LA,Clothing,Jeans,5,56.02,280.1,167
733,2024-12-12,CHI,Clothing,T-Shirt,2,17.43,34.86,26
2739,2025-10-11,LA,Grocery,Olive Oil,1,23.42,23.42,385
2867,2025-12-04,CHI,Toys,Action Figure,2,12.54,25.08,85
902,2024-11-05,SF,Clothing,Jeans,2,59.88,119.76,222
2054,2024-07-11,LA,Clothing,Jacket,1,107.25,107.25,251
1573,2024-05-16,SF,Electronics,Laptop,3,799.7,2399.1,460
2398,2024-12-08,NY,Clothing,T-Shirt,4,17.85,71.4,231
88,2025-03-11,SF,Grocery,Olive Oil,2,21.82,43.64,181
1832,2024-11-22,CHI,Grocery,Snack Box,2,11.38,22.76,184
1975,2025-11-05,SF,Toys,Board Game,1,23.89,23.89,31
675,2025-11-06,SF,Electronics,Headphones,1,38.66,38.66,443
2396,2025-11-26,NY,Home,Cookware Set,3,74.55,223.65,50
206,2024-12-17,CHI,Home,Blender,1,38.84,38.84,418
447,2025-12-13,NY,Home,Lamp,3,28.3,84.9,498
1348,2025-12-06,SF,Electronics,Laptop,5,899.64,4498.2,303
1650,2024-11-18,CHI,Home,Lamp,3,32.04,96.12,158
2606,2024-07-08,CHI,Grocery,Snack Box,1,9.45,9.45,243
350,2024-12-08,SF,Toys,Action Figure,2,10.8,21.6,87
1569,2024-01-01,LA,Clothing,Jeans,1,54.32,54.32,453
2223,2024-04-28,SF,Clothing,T-Shirt,1,22.75,22.75,36
1515,2024-08-15,SF,Grocery,Olive Oil,2,21.19,42.38,248
484,2024-04-23,CHI,Clothing,T-Shirt,1,17.08,17.08,77
2412,2025-07-22,CHI,Clothing,Jacket,2,120.79,241.58,177
998,2025-08-02,LA,Home,Blender,5,49.12,245.6,180
1640,2025-09-04,NY,Toys,Board Game,2,22.0,44.0,298
28,2024-12-05,CHI,Toys,Puzzle,4,17.13,68.52,94
914,2024-11-16,SF,Electronics,Headphones,3,41.2,123.6,427
1415,2025-11-05,SF,Clothing,Jacket,2,127.51,255.02,67
726,2024-12-24,SF,Grocery,Coffee Beans,4,15.26,61.04,398
693,2025-08-31,NY,Home,Lamp,3,31.0,93.0,267
392,2024-12-01,LA,Clothing,Jacket,3,134.42,403.26,278
462,2025-09-06,SF,Clothing,Jacket,4,129.56,518.24,349
2690,2025-01-20,CHI,Toys,Board Game,2,25.66,51.32,135
2256,2024-02-28,LA,Home,Cookware Set,2,94.38,188.76,467
1063,2024-01-07,NY,Home,Cookware Set,2,81.84,163.68,184
848,2025-01-13,NY,Home,Lamp,4,26.83,107.32,146
1258,2024-01-22,NY,Grocery,Snack Box,2,9.3,18.6,279
1809,2024-01-21,SF,Toys,Puzzle,2,18.39,36.78,454
1960,2024-11-18,NY,Electronics,Headphones,1,41.23,41.23,399
2471,2024-01-24,NY,Grocery,Coffee Beans,1,12.45,12.45,213
1006,2024-02-11,NY,Toys,Board Game,2,22.16,44.32,191
1906,2024-10-08,CHI,Grocery,Olive Oil,1,19.16,19.16,411
91,2024-01-15,LA,Clothing,Jeans,1,50.5,50.5,141
1932,2024-07-13,SF,Grocery,Coffee Beans,2,15.27,30.54,365
2339,2025-08-31,SF,Electronics,Laptop,1,896.09,896.09,414
497,2024-12-11,LA,Clothing,Jacket,4,132.56,530.24,170
95,2024-11-07,NY,Electronics,Headphones,2,35.79,71.58,128
931,2024-01-15,CHI,Electronics,Laptop,2,810.93,1621.86,396
1245,2024-08-03,NY,Electronics,Phone Case,5,17.16,85.8,333
623,2025-09-19,SF,Home,Blender,1,43.95,43.95,146
2727,2025-12-20,CHI,Grocery,Snack Box,4,11.4,45.6,392
2395,2025-11-15,CHI,Clothing,T-Shirt,1,21.7,21.7,234
2270,2024-03-17,LA,Home,Blender,1,41.11,41.11,14
2428,2024-12-31,NY,Toys,Action Figure,4,13.03,52.12,6
2562,2025-08-07,NY,Clothing,T-Shirt,1,17.62,17.62,354
1447,2024-12-10,NY,Toys,Board Game,3,21.41,64.23,31
563,2025-11-08,SF,Grocery,Snack Box,3,8.56,25.68,485
459,2025-11-24,CHI,Home,Lamp,2,27.77,55.54,300
474,2025-10-03,LA,Home,Cookware Set,2,77.11,154.22,356
1243,2025-12-26,SF,Grocery,Olive Oil,1,20.7,20.7,283
1134,2025-01-18,CHI,Clothing,T-Shirt,2,17.08,34.16,482
794,2025-11-14,CHI,Electronics,Laptop,3,796.91,2390.73,482
295,2024-11-11,SF,Home,Lamp,2,29.7,59.4,185
1137,2025-01-12,CHI,Home,Cookware Set,2,90.33,180.66,475
1208,2024-05-19,NY,Electronics,Laptop,4,947.8,3791.2,208
1981,2025-03-13,SF,Clothing,Jeans,4,59.94,239.76,470
2818,2024-04-11,CHI,Electronics,Headphones,2,35.28,70.56,391
986,2025-02-28,LA,Clothing,T-Shirt,3,18.6,55.8,78
450,2025-06-11,NY,Toys,Puzzle,3,19.98,59.94,160
271,2025-04-27,LA,Grocery,Olive Oil,2,21.44,42.88,391
1201,2025-07-18,CHI,Home,Cookware Set,3,89.53,268.59,245
2069,2024-12-23,LA,Electronics,Headphones,2,39.6,79.2,114
97,2025-09-16,NY,Grocery,Olive Oil,2,20.72,41.44,486
243,2024-12-01,SF,Toys,Board Game,2,25.8,51.6,84
1789,2025-10-13,LA,Toys,Puzzle,5,16.65,83.25,233
2360,2024-10-27,LA,Toys,Action Figure,1,12.95,12.95,251
1221,2024-05-01,CHI,Clothing,Jeans,5,62.59,312.95,410
1831,2024-11-22,SF,Toys,Board Game,2,28.58,57.16,358
1558,2025-12-20,CHI,Grocery,Olive Oil,2,19.73,39.46,178
1465,2024-10-24,NY,Home,Cookware Set,1,73.04,73.04,55
2143,2025-08-16,LA,Grocery,Olive Oil,3,19.66,58.98,76
823,2025-08-12,NY,Toys,Action Figure,2,12.71,25.42,318
2383,2024-10-12,CHI,Toys,Board Game,3,21.28,63.84,225
2501,2025-07-16,SF,Clothing,T-Shirt,1,22.59,22.59,163
1941,2024-12-11,SF,Electronics,Phone Case,1,15.3,-15.3,146
1329,2024-05-27,NY,Home,Cookware Set,1,73.57,73.57,57
55,2025-11-24,SF,Toys,Board Game,4,28.37,113.48,260
1656,2025-11-21,SF,Toys,Board Game,2,23.35,46.7,142
1671,2025-11-07,SF,Grocery,Olive Oil,3,24.6,73.8,93
275,2025-12-22,SF,Electronics,Laptop,2,800.62,1601.24,371
2950,2024-05-03,LA,Clothing,T-Shirt,2,21.9,43.8,94
2247,2025-12-25,SF,Grocery,Olive Oil,1,23.44,23.44,71
2509,2024-11-11,CHI,Clothing,Jeans,1,60.88,60.88,340
1562,2024-06-11,SF,Electronics,Phone Case,4,14.36,57.44,173
1606,2024-12-26,LA,Clothing,Jacket,2,137.24,274.48,215
2200,2024-07-09,LA,Clothing,Jeans,2,60.39,120.78,350
1736,2025-01-07,SF,Grocery,Olive Oil,3,23.63,70.89,221
1365,2024-12-06,SF,Toys,Puzzle,3,18.07,54.21,488
2096,2025-06-03,NY,Grocery,Coffee Beans,2,13.22,26.44,23
1072,2024-08-02,CHI,Clothing,Jacket,4,136.86,547.44,405
1106,2024-11-20,NY,Toys,Board Game,1,24.78,24.78,91
1617,2024-09-07,NY,Grocery,Olive Oil,4,24.46,97.84,4
2418,2024-09-14,LA,Toys,Action Figure,2,10.9,21.8,281
1162,2024-05-06,CHI,Home,Cookware Set,4,84.4,337.6,47
2322,2025-12-20,NY,Electronics,Laptop,1,802.11,802.11,218
205,2025-11-03,CHI,Clothing,Jacket,2,118.73,237.46,19
2657,2025-07-07,CHI,Electronics,Laptop,2,895.27,1790.54,135
1654,2024-11-11,CHI,Clothing,Jacket,4,120.11,480.44,483
1897,2024-11-03,SF,Clothing,T-Shirt,1,17.1,17.1,232
1121,2024-12-16,SF,Clothing,Jacket,1,117.43,117.43,104
2716,2025-05-14,SF,Home,Lamp,1,32.88,32.88,178
1512,2024-10-03,NY,Electronics,Laptop,1,941.92,941.92,38
684,2024-11-21,NY,Clothing,Jacket,4,135.59,542.36,286
1741,2024-02-28,CHI,Clothing,T-Shirt,2,20.36,40.72,445
2573,2025-11-02,NY,Toys,Action Figure,2,10.86,-21.72,10
58,2025-03-28,LA,Toys,Puzzle,1,18.58,18.58,262
1235,2024-11-02,LA,Home,Blender,1,46.14,46.14,99
1368,2025-02-10,SF,Grocery,Coffee Beans,1,13.39,13.39,28
1611,2025-09-16,NY,Clothing,Jacket,1,103.05,103.05,307
1294,2025-08-05,SF,Toys,Puzzle,4,20.29,81.16,440
235,2025-05-25,CHI,Grocery,Snack Box,3,9.44,28.32,256
2577,2024-12-02,LA,Home,Blender,1,44.54,44.54,117
2542,2024-12-02,,Electronics,Phone Case,3,13.16,39.48,97
1998,2025-12-05,NY,Toys,Board Game,1,23.25,23.25,237
2821,2025-04-22,SF,Grocery,Snack Box,5,9.35,46.75,445
1964,2024-11-03,CHI,Clothing,Jeans,1,49.64,49.64,70
488,2024-04-05,SF,Home,Lamp,1,34.1,34.1,94
310,2024-11-18,NY,Grocery,Snack Box,1,10.47,10.47,493
163,2024-11-28,NY,Toys,Action Figure,1,11.43,11.43,453
817,2025-04-26,NY,Grocery,Coffee Beans,1,13.65,13.65,218
981,2025-12-07,NY,Electronics,Phone Case,1,13.95,13.95,362
1892,2025-11-09,LA,Toys,Board Game,2,28.68,57.36,379
2718,2024-07-05,LA,Clothing,Jacket,2,134.8,269.6,279
319,2024-04-01,NY,Grocery,Snack Box,1,10.04,10.04,306
1764,2025-07-28,CHI,Electronics,Laptop,1,771.44,-771.44,157
2915,2025-08-26,LA,Home,Lamp,2,27.05,54.1,331
1076,2024-11-09,CHI,Clothing,Jeans,1,60.99,60.99,456
2607,2024-11-13,SF,Home,Blender,1,40.41,40.41,278
842,2024-12-21,SF,Toys,Board Game,4,28.36,113.44,243
908,2024-08-29,NY,Home,Cookware Set,2,76.34,152.68,77
1049,2025-10-02,NY,Electronics,Phone Case,3,15.54,46.62,44
1128,2024-06-17,LA,Grocery,Coffee Beans,2,13.69,27.38,218
2306,2025-07-13,SF,Grocery,Coffee Beans,4,15.32,61.28,156
1036,2024-11-06,LA,Home,Blender,2,39.46,78.92,120
1887,2025-04-23,SF,Home,Lamp,2,27.07,54.14,76
2993,2024-12-19,LA,Electronics,Laptop,2,815.22,1630.44,6
2973,2024-02-02,NY,Electronics,Headphones,2,34.37,68.74,233
830,2025-04-07,NY,Grocery,Snack Box,4,10.98,43.92,97
344,2024-12-26,CHI,Toys,Puzzle,1,17.42,17.42,317
800,2024-12-25,LA,Clothing,Jeans,2,50.77,101.54,9
1909,2025-01-31,LA,Electronics,Headphones,1,39.79,39.79,396
1459,2025-11-05,NY,Clothing,Jeans,1,59.39,59.39,120
2303,2025-07-12,NY,Home,Blender,4,49.72,198.88,121
2371,2025-05-07,LA,Grocery,Coffee Beans,5,13.19,65.95,429
1045,2025-12-07,CHI,Grocery,Coffee Beans,1,16.06,16.06,491
757,2025-08-14,LA,Home,Blender,2,40.76,81.52,365
620,2025-05-18,,Home,Lamp,2,30.32,60.64,154
1914,2024-11-03,LA,Toys,Puzzle,4,20.26,81.04,341
2440,2025-05-05,LA,Home,Blender,4,48.76,195.04,367
2692,2025-11-27,SF,Grocery,Snack Box,2,10.16,20.32,84
2740,2025-07-25,CHI,Home,Cookware Set,1,96.53,96.53,131
1012,2024-10-11,LA,Grocery,Coffee Beans,4,15.92,63.68,363
2891,2024-07-16,SF,Clothing,Jacket,3,108.97,326.91,436
2796,2025-11-04,NY,Clothing,Jeans,1,53.66,53.66,171
1195,2025-11-11,CHI,Home,Cookware Set,3,89.01,267.03,195
723,2024-11-11,SF,Grocery,Olive Oil,1,19.94,19.94,364
136,2025-05-08,SF,Grocery,Olive Oil,,24.18,24.18,383
2304,2025-06-09,CHI,Home,Cookware Set,2,90.15,180.3,462
2676,2024-12-01,CHI,Home,Blender,5,43.73,218.65,189
431,2025-08-08,CHI,Home,Lamp,1,27.64,27.64,79
2583,2024-12-21,SF,Toys,Board Game,2,27.07,54.14,128
927,2025-04-07,LA,Grocery,Snack Box,4,9.73,38.92,134
2595,2025-11-15,NY,Home,Cookware Set,3,86.35,259.05,442
2903,2025-08-28,LA,Electronics,Phone Case,2,16.58,33.16,134
2857,2024-08-11,CHI,Toys,Puzzle,,16.05,32.1,370
2072,2024-12-18,LA,Home,Cookware Set,2,85.94,171.88,337
2120,2025-07-19,NY,Electronics,Laptop,4,1024.4,4097.6,6
2760,2025-12-20,SF,Toys,Puzzle,5,20.06,100.3,376
2402,2025-10-09,SF,Grocery,Coffee Beans,1,15.84,15.84,210
2463,2024-11-02,SF,Home,Cookware Set,4,75.5,302.0,46
1677,2024-11-04,CHI,Clothing,Jacket,3,134.88,404.64,380
159,2025-07-23,SF,Toys,Board Game,1,27.6,27.6,294
2337,2025-11-08,CHI,Toys,Puzzle,1,15.54,15.54,107
1969,2025-11-11,CHI,Home,Blender,2,46.41,92.82,102
415,2025-08-04,LA,Grocery,Coffee Beans,1,14.85,14.85,429
1904,2025-12-21,CHI,Grocery,Olive Oil,1,18.93,18.93,111
2638,2025-11-14,SF,Electronics,Laptop,2,1022.22,2044.44,423
2752,2024-02-25,LA,Electronics,Laptop,1,834.35,834.35,423
2482,2025-11-20,LA,Home,Cookware Set,1,86.4,86.4,52
2305,2024-01-23,SF,Clothing,T-Shirt,2,17.5,35.0,476
1621,2025-08-16,NY,Electronics,Headphones,1,35.75,35.75,370
2316,2025-08-17,CHI,Toys,Action Figure,4,10.59,42.36,94
145,2025-11-21,NY,Toys,Action Figure,1,10.88,10.88,26
2738,2024-11-27,NY,Grocery,Snack Box,2,9.32,18.64,31
2951,2025-08-11,NY,Clothing,Jeans,4,53.52,214.08,315
2275,2025-09-22,CHI,Home,Blender,1,41.62,41.62,490
1190,2024-12-26,LA,Grocery,Olive Oil,2,23.29,46.58,353
2130,2024-02-17,NY,Toys,Action Figure,5,11.74,58.7,60
955,2025-02-01,CHI,Electronics,Laptop,2,903.42,1806.84,47
2342,2025-11-19,CHI,Home,Lamp,1,29.31,29.31,401
2089,2024-06-17,SF,Grocery,Coffee Beans,1,15.0,15.0,16
1131,2024-03-26,SF,Clothing,Jeans,1,47.08,47.08,305
1820,2024-05-11,NY,Home,Cookware Set,1,95.09,95.09,125
1375,2025-09-29,SF,Electronics,Headphones,4,36.22,144.88,437
114,2024-09-06,LA,Home,Lamp,5,33.01,165.05,197
918,2025-10-22,NY,Toys,Puzzle,1,17.29,17.29,431
2652,2024-11-19,NY,Home,Cookware Set,1,85.86,85.86,406
1286,2025-11-21,NY,Toys,Puzzle,1,17.22,17.22,170
2513,2024-01-28,LA,Clothing,Jacket,1,129.92,129.92,295
2177,2025-03-12,LA,Toys,Puzzle,2,19.01,38.02,448
1638,2024-09-06,CHI,Clothing,Jacket,1,112.9,112.9,238
2310,2025-10-25,LA,Electronics,Laptop,1,925.83,925.83,262
559,2024-05-01,CHI,Clothing,T-Shirt,2,17.94,35.88,416
1688,2025-07-03,NY,Electronics,Laptop,2,890.4,1780.8,160
2684,2025-07-10,NY,Grocery,Coffee Beans,1,13.38,13.38,147
878,2025-11-19,NY,Home,Blender,2,38.42,76.84,203
1563,2025-04-23,NY,Electronics,Headphones,1,44.96,44.96,225
2389,2025-09-13,NY,Grocery,Snack Box,1,10.37,10.37,271
2207,2025-05-14,SF,Grocery,Olive Oil,1,18.8,18.8,423
2943,2024-05-14,CHI,Toys,Action Figure,3,13.43,40.29,387
74,2025-11-16,NY,Home,Lamp,1,32.35,32.35,384
2385,2025-02-06,SF,Home,Blender,4,39.25,157.0,445
2991,2025-11-05,SF,Toys,Puzzle,5,19.49,97.45,298
1695,2024-12-18,LA,Toys,Action Figure,2,10.24,20.48,322
1392,2024-03-29,LA,Grocery,Snack Box,2,11.38,22.76,376
966,2024-04-24,LA,Home,Blender,1,39.94,39.94,440
467,2024-11-10,CHI,Home,Cookware Set,1,74.53,74.53,404
351,2025-07-16,NY,Toys,Puzzle,3,19.31,57.93,138
1811,2025-11-15,LA,Clothing,T-Shirt,3,22.96,68.88,493
311,2025-02-11,SF,Clothing,Jacket,3,107.19,321.57,84
2745,2024-08-30,CHI,Clothing,T-Shirt,1,17.19,17.19,370
1187,2025-11-03,NY,Clothing,Jacket,1,109.42,109.42,260
2366,2024-12-09,SF,Electronics,Laptop,1,858.24,858.24,219
2678,2024-11-10,SF,Home,Cookware Set,2,74.62,149.24,242
1280,2024-08-12,NY,Clothing,Jacket,2,109.63,219.26,419
2645,2024-01-10,SF,Grocery,Olive Oil,2,23.13,46.26,454
2222,2024-12-12,LA,Electronics,Headphones,1,45.19,45.19,301
971,2025-09-18,CHI,Toys,Action Figure,2,11.95,23.9,119
2751,2025-11-18,NY,Home,Cookware Set,1,82.64,82.64,243
2040,2024-03-22,SF,Home,Cookware Set,4,91.5,366.0,465
296,2025-04-25,SF,Grocery,Olive Oil,3,21.78,65.34,469
1485,2024-12-15,LA,Grocery,Olive Oil,1,19.36,19.36,454
943,2025-11-02,LA,Clothing,Jacket,2,132.71,265.42,94
2057,2025-12-12,SF,Clothing,Jeans,2,59.44,118.88,330
483,2024-12-07,CHI,Grocery,Coffee Beans,2,13.4,26.8,170
2971,2025-04-04,NY,Grocery,Coffee Beans,1,13.28,13.28,244
2018,2024-04-28,CHI,Grocery,Coffee Beans,2,14.14,28.28,288
2242,2024-11-11,SF,Grocery,Snack Box,2,9.11,18.22,214
1912,2025-01-12,NY,Toys,Board Game,4,26.56,106.24,215
48,2025-02-25,LA,Toys,Board Game,4,22.6,90.4,137
1713,2024-11-03,SF,Clothing,Jacket,3,126.89,380.67,124
1216,2024-04-13,LA,Home,Cookware Set,,77.0,77.0,44
2030,2025-07-24,CHI,Clothing,Jacket,3,135.62,406.86,165
2435,2025-12-16,SF,Electronics,Headphones,2,39.14,78.28,33
849,2025-12-24,CHI,Home,Lamp,2,28.27,56.54,412
640,2025-11-15,SF,Toys,Action Figure,2,13.32,26.64,420
2648,2025-12-10,CHI,Toys,Puzzle,2,18.64,37.28,131
697,2025-08-22,LA,Toys,Board Game,1,26.67,26.67,202
1683,2025-01-15,LA,Grocery,Coffee Beans,2,15.54,31.08,215
741,2024-05-10,CHI,Clothing,Jeans,2,59.42,118.84,419
2336,2024-12-12,,Electronics,Phone Case,2,13.36,26.72,357
2341,2024-12-09,LA,Grocery,Snack Box,2,9.8,19.6,8
1816,2025-11-10,CHI,Electronics,Laptop,1,913.84,913.84,103
2766,2024-10-02,SF,Clothing,Jeans,1,62.91,62.91,230
1596,2025-12-22,LA,Toys,Board Game,1,26.34,26.34,141
604,2025-04-05,SF,Clothing,Jeans,2,54.61,109.22,185
307,2025-11-03,CHI,Toys,Action Figure,2,11.56,23.12,433
1026,2024-12-09,SF,Toys,Puzzle,5,16.86,84.3,430
2084,2024-11-18,CHI,Electronics,Phone Case,2,13.27,26.54,203
960,2024-12-29,SF,Toys,Puzzle,3,19.19,57.57,300
2090,2025-12-08,NY,Electronics,Headphones,3,43.36,130.08,442
2865,2024-08-03,LA,Grocery,Olive Oil,1,19.67,19.67,234
1635,2024-03-22,NY,Grocery,Snack Box,2,11.04,22.08,229
1830,2024-03-02,CHI,Clothing,T-Shirt,2,17.37,34.74,41
1891,2025-12-10,CHI,Grocery,Coffee Beans,3,16.0,48.0,42
1085,2024-07-11,CHI,Toys,Action Figure,1,13.05,13.05,108
1663,2025-06-08,CHI,Toys,Board Game,1,27.49,27.49,17
189,2025-03-30,CHI,Toys,Action Figure,1,12.63,12.63,120
2497,2024-12-04,SF,Clothing,Jeans,2,59.57,119.14,27
178,2025-08-17,NY,Electronics,Phone Case,1,15.42,15.42,231
1396,2025-04-17,CHI,Home,Blender,4,42.26,169.04,401
1874,2024-11-01,NY,Grocery,Olive Oil,2,23.95,47.9,318
2698,2025-09-15,CHI,Clothing,Jeans,1,55.48,55.48,461
2429,2024-11-11,LA,Clothing,Jeans,2,59.28,118.56,442
1346,2025-11-18,NY,Clothing,T-Shirt,3,20.37,61.11,294
438,2025-05-01,LA,Grocery,Olive Oil,2,25.07,50.14,244
2673,2025-12-16,LA,Electronics,Phone Case,1,16.26,16.26,218
1728,2024-11-26,NY,Toys,Action Figure,5,12.92,64.6,58
373,2025-12-25,NY,Toys,Action Figure,1,13.05,13.05,435
2267,2024-08-07,SF,Electronics,Phone Case,1,16.06,16.06,66
787,2025-05-04,NY,Electronics,Phone Case,3,15.93,47.79,277
2941,2025-11-15,NY,Electronics,Laptop,2,824.97,1649.94,203
1434,2024-03-23,CHI,Electronics,Laptop,2,926.5,1853.0,485
2068,2025-08-01,LA,Toys,Puzzle,1,15.39,15.39,211
909,2025-04-20,CHI,Clothing,T-Shirt,3,18.47,55.41,217
2012,2025-11-15,SF,Toys,Puzzle,2,20.67,41.34,276
1740,2025-03-24,CHI,Home,Cookware Set,2,93.58,187.16,34
2251,2025-10-14,NY,Home,Cookware Set,1,85.37,85.37,409
430,2024-11-14,SF,Clothing,Jacket,1,134.03,134.03,339
2465,2025-12-18,NY,Toys,Action Figure,3,12.28,36.84,345
2104,2024-09-11,CHI,Clothing,Jacket,2,136.14,272.28,368
600,2025-08-12,NY,Toys,Action Figure,2,11.82,23.64,370
985,2024-12-11,SF,Clothing,Jeans,3,62.75,188.25,259
1718,2024-04-10,NY,Grocery,Coffee Beans,3,14.38,43.14,495
2204,2025-12-12,LA,Grocery,Coffee Beans,2,13.6,27.2,176
941,2024-10-16,SF,Toys,Action Figure,4,12.89,51.56,314
340,2024-12-15,LA,Clothing,Jacket,1,110.78,110.78,409
2845,2024-12-03,NY,Grocery,Coffee Beans,4,15.7,62.8,69
1550,2024-05-31,NY,Electronics,Headphones,3,36.32,108.96,89
2911,2024-12-13,CHI,Toys,Puzzle,1,19.59,19.59,65
1468,2025-10-07,CHI,Electronics,Headphones,5,40.78,203.9,276
772,2025-11-30,NY,Toys,Action Figure,5,12.64,63.2,50
1124,2024-12-16,LA,Home,Blender,3,41.34,124.02,106
1480,2024-07-06,NY,Toys,Action Figure,3,12.93,38.79,78
739,2025-12-17,SF,Grocery,Olive Oil,1,24.72,24.72,404
2972,2024-11-01,NY,Electronics,Phone Case,2,17.15,34.3,229
1510,2024-01-21,NY,Grocery,Snack Box,1,9.25,9.25,257
64,2025-03-12,CHI,Toys,Puzzle,4,19.7,78.8,460
2528,2025-07-26,NY,Clothing,T-Shirt,1,19.91,19.91,335
1826,2024-03-03,NY,Clothing,Jeans,2,51.5,103.0,41
1989,2024-12-22,NY,Toys,Action Figure,1,12.24,12.24,397
2426,2025-12-08,SF,Toys,Board Game,1,26.4,26.4,419
451,2025-11-27,LA,Grocery,Olive Oil,4,19.6,78.4,429
1570,2024-07-27,LA,Clothing,Jeans,1,51.82,51.82,79
1325,2024-05-09,CHI,Clothing,Jeans,3,50.56,151.68,432
502,2025-09-26,SF,Electronics,Headphones,1,44.13,44.13,367
326,2024-11-17,LA,Home,Cookware Set,1,96.41,96.41,494
2343,2025-06-02,NY,Home,Lamp,1,34.18,34.18,218
2647,2024-11-07,NY,Grocery,Olive Oil,5,21.49,107.45,392
218,2025-12-31,CHI,Electronics,Headphones,2,44.23,88.46,45
1133,2024-05-19,LA,Toys,Puzzle,1,18.57,18.57,80
1624,2024-12-04,CHI,Clothing,Jeans,2,52.4,104.8,359
2545,2025-04-12,SF,Toys,Action Figure,2,13.78,27.56,246
2564,2024-05-15,LA,Toys,Action Figure,3,11.41,34.23,20
2886,2025-08-09,LA,Clothing,Jacket,1,103.17,103.17,89
2569,2024-03-21,LA,Electronics,Phone Case,5,16.98,84.9,484
652,2024-06-10,CHI,Clothing,Jacket,1,116.46,116.46,478
2349,2025-05-30,SF,Home,Cookware Set,1,97.33,97.33,274
1743,2024-05-16,LA,Grocery,Olive Oil,3,21.54,64.62,339
274,2025-08-20,CHI,Grocery,Olive Oil,1,19.47,19.47,415
1265,2024-05-31,CHI,Electronics,Headphones,1,43.33,43.33,418
466,2025-07-26,LA,Electronics,Laptop,1,799.54,799.54,485
1259,2024-11-01,LA,Home,Blender,3,45.16,135.48,219
2260,2024-12-04,LA,Electronics,Phone Case,2,16.22,32.44,468
2540,2024-12-13,CHI,Toys,Puzzle,2,19.43,38.86,333
2641,2024-12-24,CHI,Grocery,Snack Box,2,9.24,18.48,92
2711,2024-11-05,SF,Grocery,Coffee Beans,3,15.49,46.47,109
1930,2024-12-08,LA,Home,Lamp,2,33.37,66.74,179
1884,2025-07-30,CHI,Toys,Board Game,1,28.72,28.72,287
2568,2025-10-05,CHI,Grocery,Olive Oil,2,19.96,39.92,494
2815,2025-12-02,NY,Grocery,Olive Oil,4,18.73,74.92,104
932,2024-12-10,CHI,Toys,Puzzle,1,17.97,17.97,196
168,2025-12-18,LA,Home,Lamp,1,28.45,28.45,257
630,2025-04-16,NY,Toys,Board Game,1,26.78,26.78,267
1279,2024-11-17,CHI,Grocery,Snack Box,1,9.42,9.42,487
784,2025-12-23,SF,Clothing,Jacket,1,129.67,129.67,53
2510,2024-08-20,NY,Clothing,T-Shirt,2,19.55,39.1,394
72,2025-12-19,NY,Clothing,Jeans,5,61.92,309.6,43
1149,2024-09-29,NY,Toys,Puzzle,1,19.41,19.41,341
1361,2024-07-29,NY,Grocery,Coffee Beans,3,14.67,44.01,498
574,2025-07-19,CHI,Home,Cookware Set,1,82.39,82.39,92
2102,2025-11-02,SF,Home,Blender,3,48.68,146.04,411
369,2024-12-10,LA,Clothing,Jeans,1,47.92,47.92,196
2926,2024-05-30,NY,Toys,Board Game,2,24.59,49.18,106
182,2025-11-11,NY,Home,Blender,2,42.7,85.4,299
603,2024-02-18,LA,Toys,Action Figure,4,11.1,44.4,31
2109,2024-10-24,NY,Toys,Board Game,3,23.91,71.73,96
1028,2025-07-23,CHI,Electronics,Laptop,3,953.58,2860.74,108
691,2025-03-25,CHI,Clothing,T-Shirt,4,17.4,69.6,353
5,2024-09-27,CHI,Toys,Board Game,1,23.94,23.94,275
1771,2024-12-04,LA,Home,Blender,2,50.46,100.92,200
575,2024-11-10,SF,Home,Cookware Set,1,86.4,86.4,397
2912,2025-10-14,SF,Grocery,Coffee Beans,4,13.42,53.68,42
1380,2024-12-09,,Clothing,T-Shirt,3,17.6,52.8,252
78,2025-08-12,CHI,Home,Blender,4,46.06,184.24,204
1029,2025-11-29,SF,Grocery,Snack Box,1,11.37,11.37,326
913,2024-05-03,SF,Clothing,T-Shirt,3,17.67,53.01,255
2041,2024-12-03,SF,Grocery,Snack Box,4,9.39,37.56,138
1319,2025-04-25,SF,Toys,Puzzle,1,17.36,17.36,496
2315,2025-07-20,SF,Toys,Action Figure,3,12.63,37.89,371
2087,2024-02-15,LA,Home,Lamp,3,30.44,91.32,72
1226,2024-09-10,CHI,Home,Blender,5,49.92,249.6,102
2016,2025-11-14,NY,Home,Blender,1,45.42,45.42,491
1547,2024-11-11,NY,Clothing,T-Shirt,3,17.5,52.5,440
1450,2024-12-10,SF,Home,Blender,3,50.54,151.62,415
839,2024-05-09,SF,Clothing,T-Shirt,1,17.25,17.25,95
1901,2024-12-25,CHI,Grocery,Coffee Beans,2,13.68,27.36,14
174,2024-06-26,NY,Clothing,T-Shirt,1,17.62,17.62,91
1302,2024-02-02,CHI,Toys,Board Game,1,26.05,26.05,32
2387,2025-12-02,NY,Toys,Puzzle,1,17.05,17.05,189
54,2024-12-01,LA,Grocery,Coffee Beans,2,13.52,27.04,187
1108,2024-02-05,LA,Home,Blender,1,44.2,44.2,227
2634,2024-09-10,SF,Grocery,Olive Oil,2,19.87,39.74,495
1486,2025-09-12,LA,Clothing,Jeans,1,62.25,62.25,342
860,2024-07-17,LA,Home,Cookware Set,1,88.54,88.54,392
449,2024-08-04,CHI,Toys,Puzzle,1,18.79,18.79,380
2424,2024-03-26,CHI,Grocery,Coffee Beans,1,15.64,15.64,399
627,2025-12-12,CHI,Electronics,Headphones,1,34.18,34.18,357
1379,2024-10-24,LA,Electronics,Headphones,2,43.83,87.66,387
1118,2025-11-13,CHI,Clothing,Jacket,2,129.42,258.84,35
553,2024-05-29,CHI,Clothing,T-Shirt,2,20.4,40.8,481
1995,2025-01-10,SF,Electronics,Laptop,1,812.94,812.94,342
1986,2025-12-16,CHI,Grocery,Coffee Beans,1,12.85,12.85,27
1949,2025-09-22,CHI,Grocery,Olive Oil,2,20.83,41.66,311
272,2024-03-24,SF,Clothing,Jacket,4,129.17,516.68,40
1775,2025-11-26,CHI,Toys,Board Game,1,26.22,26.22,35
2610,2025-11-15,LA,Grocery,Olive Oil,1,20.24,20.24,331
1103,2025-12-13,SF,Toys,Board Game,2,23.15,46.3,382
2437,2025-11-12,SF,Grocery,Snack Box,5,11.18,55.9,76
284,2024-12-08,SF,Electronics,Laptop,2,883.52,1767.04,296
1139,2024-11-01,NY,Clothing,Jeans,4,56.74,226.96,395
2601,2024-12-10,SF,Clothing,Jacket,2,128.49,256.98,227
915,2024-08-29,LA,Grocery,Snack Box,3,9.67,29.01,74
2728,2025-12-24,LA,Home,Lamp,1,32.29,32.29,426
1364,2025-11-08,SF,Home,Cookware Set,1,83.83,83.83,198
186,2024-07-03,SF,Toys,Puzzle,1,17.25,17.25,486
711,2025-11-16,SF,Grocery,Olive Oil,2,22.16,44.32,219
249,2025-12-08,LA,Electronics,Laptop,1,849.7,849.7,211
1685,2025-02-17,SF,Electronics,Headphones,1,34.36,34.36,319
2153,2024-01-16,CHI,Toys,Puzzle,3,15.69,47.07,51
870,2024-05-29,SF,Clothing,T-Shirt,1,21.02,21.02,486
2630,2025-11-02,CHI,Home,Cookware Set,4,89.82,359.28,204
1097,2025-10-23,CHI,Toys,Puzzle,1,15.51,15.51,178
2997,2024-07-10,CHI,Grocery,Olive Oil,2,23.39,46.78,7
187,2024-11-17,NY,Toys,Board Game,1,22.95,22.95,339
795,2024-11-16,NY,Grocery,Coffee Beans,1,15.01,15.01,242
2608,2025-10-31,LA,Electronics,Headphones,1,43.71,43.71,78
2558,2025-08-11,CHI,Home,Lamp,1,30.7,30.7,136
82,2025-07-05,CHI,Grocery,Snack Box,3,9.31,27.93,224
1854,2025-04-02,LA,Home,Lamp,5,32.48,162.4,305
2769,2024-01-15,SF,Toys,Puzzle,1,20.37,20.37,1
172,2025-12-24,SF,Toys,Board Game,2,23.07,46.14,114
1925,2025-03-19,CHI,Grocery,Snack Box,3,9.36,28.08,34
1304,2024-10-07,SF,Home,Cookware Set,1,76.74,76.74,448
956,2025-12-15,LA,Toys,Action Figure,2,12.41,24.82,332
2100,2025-08-13,NY,Electronics,Laptop,1,848.73,848.73,283
70,2025-09-09,CHI,Toys,Puzzle,2,19.34,38.68,113
1745,2025-11-28,SF,Grocery,Olive Oil,2,19.65,39.3,442
1666,2024-03-15,CHI,Toys,Puzzle,1,18.81,18.81,419
826,2024-12-08,NY,Grocery,Snack Box,3,8.7,26.1,333
2414,2025-12-26,NY,Grocery,Snack Box,1,10.04,10.04,110
2487,2024-11-27,NY,Home,Cookware Set,2,73.72,147.44,415
21,2025-09-13,LA,Toys,Puzzle,2,16.19,32.38,476
1213,2025-10-08,LA,Home,Lamp,1,28.14,28.14,473
1935,2024-10-04,CHI,Toys,Action Figure,2,11.08,22.16,276
2099,2024-11-25,SF,Toys,Board Game,2,27.23,54.46,339
282,2024-12-20,NY,Home,Blender,4,41.97,167.88,124
1066,2024-09-25,NY,Grocery,Coffee Beans,1,12.65,12.65,426
1240,2025-06-29,NY,Clothing,Jacket,2,131.32,262.64,85
1052,2025-01-25,CHI,Electronics,Phone Case,1,13.0,13.0,120
2442,2025-01-21,LA,Clothing,T-Shirt,2,17.02,34.04,172
631,2024-11-26,LA,Clothing,Jeans,5,53.17,265.85,323
437,2024-08-20,CHI,Home,Cookware Set,3,82.81,248.43,420
1332,2025-12-04,CHI,Electronics,Laptop,1,1023.99,1023.99,193
1046,2024-03-05,NY,Electronics,Headphones,1,36.36,36.36,15
1446,2024-11-23,CHI,Grocery,Coffee Beans,3,12.42,37.26,333
2893,2025-12-25,CHI,Clothing,Jeans,1,59.17,59.17,161
1699,2024-12-05,SF,Grocery,Coffee Beans,5,12.3,61.5,158
2969,2025-10-22,NY,Home,Cookware Set,1,77.91,77.91,53
2963,2025-12-09,NY,Home,Lamp,2,31.68,63.36,58
2557,2024-09-07,LA,Electronics,Laptop,2,918.73,1837.46,427
1193,2025-11-23,CHI,Clothing,Jeans,4,54.28,217.12,482
544,2024-11-19,CHI,Grocery,Coffee Beans,1,14.28,14.28,87
2714,2024-03-02,SF,Clothing,T-Shirt,3,19.12,57.36,279
1700,2025-11-05,LA,Toys,Action Figure,4,12.19,48.76,398
2135,2025-06-21,SF,Grocery,Snack Box,2,11.21,22.42,384
1383,2025-02-24,LA,Grocery,Snack Box,1,10.42,10.42,183
1829,2024-09-03,SF,Home,Blender,3,44.01,132.03,145
2146,2025-09-29,CHI,Grocery,Snack Box,1,11.38,11.38,80
1583,2024-07-02,CHI,Home,Cookware Set,1,97.03,97.03,446
2529,2024-12-06,CHI,Grocery,Olive Oil,4,19.68,78.72,339
2512,2024-12-20,SF,Electronics,Headphones,1,35.46,35.46,364
24,2025-12-25,NY,Grocery,Coffee Beans,1,14.37,14.37,118
1125,2024-09-11,LA,Grocery,Coffee Beans,2,15.71,31.42,312
1766,2025-08-07,SF,Electronics,Laptop,3,1005.86,3017.58,379
2786,2024-03-12,SF,Toys,Board Game,1,21.5,21.5,464
1044,2025-12-07,SF,Clothing,T-Shirt,2,18.67,37.34,42
706,2025-11-28,NY,Grocery,Coffee Beans,1,12.11,12.11,342
410,2024-11-25,CHI,Grocery,Olive Oil,2,20.97,41.94,139
1443,2024-12-31,LA,Home,Cookware Set,3,77.5,232.5,228
2022,2024-06-08,NY,Grocery,Snack Box,1,10.15,10.15,489
1469,2025-11-06,CHI,Electronics,Phone Case,2,16.34,32.68,163
1343,2024-07-09,NY,Electronics,Headphones,1,36.16,36.16,111
2829,2024-12-22,SF,Home,Lamp,2,33.3,66.6,100
1633,2024-01-13,LA,Toys,Action Figure,2,12.25,24.5,380
2327,2025-12-21,NY,Home,Lamp,1,29.96,29.96,447
2045,2024-06-22,LA,Electronics,Laptop,3,823.97,2471.91,209
1354,2024-11-26,CHI,Clothing,T-Shirt,1,21.95,21.95,116
2323,2024-11-19,LA,Electronics,Phone Case,1,16.5,16.5,184
1665,2025-06-09,NY,Electronics,Phone Case,2,16.26,32.52,294
2075,2024-04-09,NY,Home,Lamp,1,30.51,30.51,342
1842,2025-01-17,LA,Electronics,Phone Case,1,13.33,13.33,190
1306,2025-05-08,LA,Home,Blender,4,40.93,163.72,495
1460,2025-03-26,NY,Electronics,Phone Case,2,12.92,25.84,284
1322,2025-01-18,SF,Toys,Board Game,1,21.37,21.37,172
1715,2024-09-14,NY,Home,Cookware Set,2,85.2,170.4,7
406,2025-02-08,CHI,Toys,Board Game,2,22.51,45.02,350
31,2025-12-10,CHI,Toys,Board Game,1,22.48,22.48,357
543,2024-12-11,SF,Clothing,T-Shirt,,18.71,18.71,356
2809,2024-07-19,NY,Electronics,Headphones,2,42.05,84.1,272
1574,2025-02-07,SF,Home,Cookware Set,2,90.87,181.74,251
343,2024-12-17,SF,Grocery,Coffee Beans,1,13.44,13.44,306
1709,2025-11-19,SF,Grocery,Snack Box,2,8.96,17.92,390
2830,2024-06-15,NY,Clothing,T-Shirt,5,22.26,111.3,201
244,2024-12-10,CHI,Toys,Puzzle,1,19.29,19.29,363
2917,2025-09-12,CHI,Grocery,Coffee Beans,3,14.39,43.17,202
2801,2024-11-20,CHI,Home,Cookware Set,5,92.22,461.1,453
2470,2025-04-15,NY,Grocery,Coffee Beans,2,15.83,31.66,313
825,2024-02-11,LA,Electronics,Headphones,2,38.6,77.2,332
2596,2024-08-18,SF,Toys,Action Figure,3,12.7,38.1,54
2877,2025-11-24,LA,Clothing,Jeans,2,56.91,113.82,66
2409,2024-03-13,SF,Grocery,Coffee Beans,1,12.74,12.74,349
989,2024-06-17,CHI,Grocery,Coffee Beans,1,12.26,12.26,389
2668,2024-08-08,SF,Clothing,T-Shirt,1,20.65,20.65,226
790,2024-02-10,LA,Toys,Action Figure,1,12.53,12.53,154
1585,2024-02-19,NY,Grocery,Snack Box,2,10.68,21.36,63
1104,2024-04-27,LA,Toys,Board Game,1,24.23,24.23,168
2770,2025-07-15,LA,Clothing,T-Shirt,1,17.01,17.01,407
1755,2025-03-27,LA,Clothing,Jacket,1,115.47,115.47,260
2111,2025-02-25,SF,Electronics,Phone Case,1,13.13,13.13,263
1330,2024-09-25,NY,Toys,Puzzle,1,15.96,15.96,40
101,2024-09-29,NY,Electronics,Phone Case,1,13.76,13.76,31
1604,2025-01-19,LA,Home,Cookware Set,5,91.22,456.1,194
1111,2024-11-22,NY,Clothing,T-Shirt,2,17.55,35.1,113
2198,2024-11-25,SF,Toys,Puzzle,2,15.51,31.02,437
2544,2024-01-25,,Clothing,T-Shirt,1,20.52,20.52,414
1254,2025-12-01,NY,Grocery,Coffee Beans,3,14.95,44.85,424
1642,2024-12-02,,Toys,Puzzle,2,16.76,33.52,264
1516,2024-01-18,,Home,Cookware Set,1,85.85,85.85,488
1047,2025-10-03,SF,Toys,Action Figure,2,13.11,26.22,127
819,2024-12-08,NY,Grocery,Coffee Beans,2,14.81,29.62,9
316,2025-12-26,LA,Toys,Action Figure,2,10.87,21.74,366
2743,2024-12-13,CHI,Toys,Board Game,3,22.06,66.18,51
2669,2025-12-22,SF,Electronics,Laptop,2,899.7,1799.4,191
2139,2025-12-25,NY,Electronics,Phone Case,2,14.41,28.82,412
1589,2024-05-09,CHI,Toys,Board Game,2,22.56,45.12,221
277,2024-03-11,CHI,Home,Cookware Set,5,73.88,369.4,17
1189,2024-10-27,CHI,Home,Blender,2,51.02,102.04,72
2240,2024-11-30,NY,Toys,Board Game,3,28.42,85.26,328
1351,2025-03-01,SF,Electronics,Headphones,3,39.64,118.92,163
237,2025-09-03,CHI,Grocery,Olive Oil,1,19.02,19.02,147
2837,2024-10-26,LA,Grocery,Coffee Beans,1,14.33,14.33,13
2902,2024-11-10,LA,Electronics,Laptop,1,790.4,790.4,342
2154,2024-12-10,NY,Clothing,T-Shirt,1,21.84,21.84,129
2285,2024-12-06,SF,Clothing,Jeans,3,49.64,148.92,273
840,2024-12-18,LA,Clothing,Jacket,2,127.46,254.92,191
2980,2024-12-26,CHI,Toys,Board Game,4,26.29,105.16,323
579,2024-02-08,CHI,Electronics,Laptop,1,824.88,824.88,315
2156,2024-01-31,LA,Grocery,Olive Oil,1,22.83,-22.83,245
2053,2025-11-06,SF,Electronics,Laptop,2,852.78,1705.56,228
2103,2025-11-09,SF,Electronics,Headphones,1,44.38,44.38,493
264,2024-12-21,SF,Clothing,Jacket,1,118.85,118.85,368
2014,2024-08-24,LA,Toys,Action Figure,2,13.49,26.98,231
2587,2025-02-27,SF,Electronics,Laptop,3,780.79,2342.37,339
1889,2025-11-27,LA,Home,Cookware Set,3,84.15,252.45,456
1629,2025-06-13,LA,Grocery,Coffee Beans,3,12.99,38.97,498
1397,2024-11-16,SF,Toys,Board Game,2,22.29,44.58,240
662,2025-07-06,SF,Toys,Board Game,1,23.54,23.54,258
708,2025-04-11,SF,Grocery,Snack Box,1,10.86,10.86,477
1230,2025-06-06,NY,Clothing,T-Shirt,2,19.02,38.04,156
2039,2025-11-08,NY,Home,Lamp,1,28.36,28.36,142
1246,2024-03-26,SF,Home,Cookware Set,1,87.68,87.68,370
2176,2024-12-06,SF,Grocery,Snack Box,1,10.98,10.98,377
791,2024-03-27,CHI,Toys,Board Game,1,25.98,25.98,377
2774,2025-08-14,NY,Toys,Puzzle,2,19.79,39.58,199
670,2024-11-08,LA,Clothing,T-Shirt,1,21.11,21.11,445
1790,2024-06-27,CHI,Grocery,Olive Oil,1,20.18,20.18,132
1845,2025-08-09,LA,Clothing,T-Shirt,3,22.79,68.37,363
748,2025-02-03,CHI,Clothing,Jacket,2,107.37,214.74,101
300,2025-07-13,NY,Clothing,Jacket,1,130.62,130.62,269
17,2024-04-18,SF,Home,Cookware Set,2,91.68,183.36,431
2640,2025-11-12,CHI,Electronics,Phone Case,,13.32,26.64,297
1031,2024-05-16,NY,Toys,Puzzle,4,17.07,68.28,312
2443,2024-11-13,SF,Home,Blender,2,41.19,82.38,131
1391,2024-11-12,SF,Toys,Action Figure,1,10.22,10.22,403
1181,2025-03-31,NY,Toys,Puzzle,2,17.36,34.72,60
2646,2024-10-01,LA,Clothing,Jacket,1,133.02,133.02,392
2328,2025-08-03,NY,Clothing,Jacket,1,112.41,112.41,241
306,2024-11-21,NY,Toys,Action Figure,5,12.23,61.15,48
2186,2025-07-13,LA,Toys,Puzzle,1,18.59,18.59,65
2636,2025-07-07,LA,Clothing,Jacket,1,123.92,123.92,179
2623,2024-11-08,NY,Clothing,T-Shirt,1,17.45,17.45,24
414,2025-12-15,SF,Clothing,T-Shirt,1,18.42,18.42,468
536,2025-12-20,NY,Grocery,Coffee Beans,1,14.84,14.84,145
416,2024-11-01,CHI,Toys,Puzzle,2,16.97,33.94,1
1561,2025-01-21,NY,Clothing,Jeans,1,56.43,56.43,166
1054,2024-11-19,LA,Electronics,Laptop,2,904.65,1809.3,464
912,2025-02-20,NY,Electronics,Laptop,4,927.43,3709.72,204
540,2024-08-04,,Clothing,Jacket,3,128.69,386.07,83
523,2024-06-06,NY,Home,Lamp,1,31.89,31.89,397
2701,2024-08-10,LA,Toys,Puzzle,1,15.87,15.87,271
1215,2024-12-28,NY,Home,Blender,1,46.56,46.56,3
2417,2024-10-06,CHI,Clothing,Jeans,2,55.49,110.98,20
1708,2024-05-23,NY,Home,Blender,4,41.31,165.24,372
586,2025-12-13,CHI,Electronics,Phone Case,4,17.06,68.24,395
851,2025-05-01,SF,Grocery,Snack Box,1,8.76,8.76,34
2825,2025-12-27,LA,Toys,Board Game,2,24.45,48.9,67
59,2025-06-11,SF,Toys,Puzzle,1,16.22,16.22,48
2820,2024-02-22,SF,Home,Cookware Set,5,90.49,452.45,51
2331,2024-12-14,NY,Toys,Action Figure,1,13.2,13.2,404
141,2024-12-04,NY,Home,Cookware Set,1,82.66,82.66,121
1751,2025-12-25,NY,Toys,Board Game,5,22.95,114.75,269
2073,2025-02-25,NY,Electronics,Laptop,1,985.61,985.61,46
2658,2024-12-26,SF,Electronics,Phone Case,5,14.31,71.55,469
317,2025-12-11,SF,Electronics,Headphones,1,37.22,37.22,55
1138,2025-01-05,NY,Toys,Puzzle,2,16.63,33.26,358
2219,2024-12-11,SF,Clothing,T-Shirt,1,19.96,19.96,278
1985,2025-08-26,,Home,Cookware Set,2,76.22,152.44,413
892,2024-05-11,SF,Home,Lamp,,26.05,52.1,415
2142,2025-11-23,CHI,Home,Cookware Set,3,88.61,265.83,46
428,2024-11-03,SF,Toys,Board Game,1,27.24,27.24,88
856,2025-01-05,CHI,Home,Lamp,1,34.45,34.45,445
1990,2024-06-06,NY,Home,Blender,3,44.13,132.39,171
1291,2025-11-05,SF,Grocery,Coffee Beans,2,15.92,31.84,281
1095,2025-12-09,LA,Toys,Board Game,4,25.78,103.12,4
1835,2024-12-14,NY,Toys,Action Figure,2,13.33,26.66,448
1159,2025-07-15,CHI,Toys,Board Game,2,23.51,47.02,87
2639,2025-07-05,SF,Grocery,Coffee Beans,4,11.93,47.72,127
1687,2024-11-03,CHI,Toys,Puzzle,1,19.2,19.2,34
2686,2025-11-07,LA,Toys,Puzzle,1,16.95,16.95,475
1653,2024-11-29,LA,Home,Blender,3,42.59,127.77,409
1462,2024-04-25,LA,Clothing,Jeans,2,48.55,97.1,105
2083,2024-12-13,CHI,Home,Lamp,4,30.96,123.84,475
782,2025-11-09,SF,Clothing,T-Shirt,1,18.66,18.66,92
2480,2024-06-21,CHI,Grocery,Olive Oil,1,19.8,19.8,452
1004,2025-11-23,LA,Clothing,T-Shirt,2,20.03,40.06,234
2477,2025-01-05,SF,Clothing,T-Shirt,3,20.42,61.26,298
57,2025-11-10,SF,Toys,Puzzle,1,19.34,19.34,108
655,2024-02-05,NY,Toys,Action Figure,,13.66,13.66,266
1761,2024-04-11,NY,Toys,Puzzle,3,19.12,57.36,340
10,2024-11-19,CHI,Home,Blender,1,41.34,41.34,138
2332,2025-10-03,SF,Clothing,Jeans,4,57.02,228.08,280
1521,2024-11-25,CHI,Home,Cookware Set,2,86.67,173.34,280
2744,2025-07-13,LA,Toys,Board Game,1,21.63,21.63,29
1722,2024-09-16,SF,Home,Lamp,3,32.72,98.16,181
1858,2025-11-17,NY,Clothing,Jeans,3,56.87,170.61,371
1754,2024-07-05,,Electronics,Headphones,2,36.26,72.52,50
685,2024-05-29,SF,Grocery,Snack Box,1,8.86,8.86,451
2543,2025-11-04,LA,Electronics,Phone Case,3,15.77,47.31,24
1503,2025-12-02,SF,Toys,Puzzle,1,16.57,16.57,134
1939,2024-12-25,NY,Electronics,Laptop,1,883.04,883.04,22
1780,2024-02-12,LA,Home,Lamp,2,32.15,64.3,394
2905,2024-09-17,SF,Electronics,Phone Case,3,15.2,45.6,359
1107,2024-03-20,NY,Home,Blender,1,45.47,45.47,347
213,2025-11-08,SF,Electronics,Headphones,2,44.18,88.36,186
2755,2025-04-01,CHI,Electronics,Phone Case,3,13.97,41.91,453
220,2024-07-24,LA,Clothing,Jeans,1,55.14,55.14,405
1219,2024-01-06,LA,Toys,Board Game,3,22.3,66.9,57
1938,2025-03-13,CHI,Grocery,Olive Oil,1,20.01,20.01,305
154,2025-02-12,NY,Toys,Board Game,3,24.35,73.05,161
348,2025-12-01,CHI,Home,Blender,3,40.78,122.34,70
1179,2025-11-08,CHI,Home,Cookware Set,1,83.31,83.31,251
2689,2024-03-07,LA,Clothing,Jacket,2,131.13,262.26,108
1247,2024-02-28,NY,Clothing,Jeans,1,61.57,61.57,422
2063,2024-12-01,CHI,Toys,Puzzle,5,15.32,76.6,291
1658,2025-11-11,SF,Clothing,T-Shirt,2,20.54,41.08,286
1283,2025-12-07,LA,Home,Blender,1,45.56,45.56,327
1373,2025-12-09,SF,Toys,Board Game,3,22.9,68.7,254
142,2025-12-14,CHI,Grocery,Coffee Beans,1,13.53,13.53,301
2817,2024-10-31,CHI,Electronics,Laptop,1,773.76,773.76,417
976,2024-03-29,LA,Toys,Board Game,1,25.91,25.91,89
2614,2025-12-22,LA,Home,Cookware Set,4,85.88,343.52,33
1481,2025-04-09,CHI,Electronics,Phone Case,2,15.42,30.84,91
2838,2025-09-07,NY,Electronics,Laptop,3,1011.48,3034.44,417
850,2025-03-10,CHI,Toys,Action Figure,3,10.79,32.37,72
15,2025-11-22,NY,Electronics,Laptop,5,868.04,4340.2,350
1815,2025-11-03,CHI,Toys,Action Figure,3,10.35,31.05,338
116,2025-08-16,CHI,Electronics,Laptop,3,961.03,2883.09,444
2506,2024-11-04,SF,Grocery,Olive Oil,1,21.34,21.34,467
1224,2025-09-03,CHI,Clothing,T-Shirt,1,21.07,21.07,246
1646,2025-06-27,SF,Clothing,T-Shirt,1,18.84,18.84,475
2923,2024-12-13,NY,Electronics,Phone Case,2,13.4,26.8,473
139,2025-11-16,NY,Home,Cookware Set,,81.97,163.94,318
2074,2024-01-01,SF,Grocery,Snack Box,2,9.19,18.38,479
1697,2024-12-25,CHI,Grocery,Olive Oil,4,20.93,83.72,340
309,2024-02-17,SF,Clothing,Jacket,2,133.95,267.9,461
2868,2025-12-27,CHI,Electronics,Laptop,4,807.56,3230.24,296
895,2025-12-22,CHI,Electronics,Laptop,1,795.91,795.91,291
1913,2025-11-09,SF,Toys,Board Game,2,23.34,46.68,244
2679,2024-12-04,CHI,Clothing,Jeans,1,57.29,57.29,61
1841,2025-12-22,CHI,Clothing,Jeans,5,54.84,274.2,314
2019,2025-12-02,CHI,Home,Blender,1,45.61,45.61,41
526,2024-12-05,SF,Home,Blender,2,50.18,100.36,151
617,2025-10-13,CHI,Grocery,Coffee Beans,2,14.38,28.76,269
2687,2025-11-12,CHI,Home,Cookware Set,3,78.02,234.06,352
755,2024-12-28,CHI,Toys,Puzzle,5,17.66,88.3,458
634,2024-01-10,CHI,Home,Cookware Set,3,75.3,225.9,353
875,2025-12-22,SF,Electronics,Phone Case,3,13.36,40.08,286
1008,2024-12-03,NY,Home,Blender,3,40.72,-122.16,214
1165,2025-12-13,NY,Grocery,Coffee Beans,,15.03,15.03,160
2725,2024-11-20,LA,Electronics,Phone Case,1,16.15,16.15,475
16,2024-10-27,CHI,Grocery,Olive Oil,1,23.77,23.77,2
121,2025-11-01,LA,Grocery,Olive Oil,1,18.8,18.8,39
2642,2025-02-04,CHI,Electronics,Phone Case,1,16.45,16.45,274
906,2025-12-02,SF,Clothing,Jeans,1,54.38,54.38,433
2258,2024-06-03,NY,Grocery,Coffee Beans,1,12.51,12.51,107
827,2025-12-20,LA,Toys,Puzzle,2,20.37,40.74,386
285,2024-05-26,LA,Grocery,Snack Box,1,10.96,10.96,212
2680,2025-08-07,SF,Home,Cookware Set,3,79.91,239.73,149
1788,2025-09-22,LA,Toys,Puzzle,1,18.78,18.78,350
1326,2024-12-01,LA,Home,Cookware Set,1,76.31,76.31,15
1813,2024-12-17,NY,Grocery,Snack Box,1,9.75,9.75,251
236,2025-06-01,LA,Home,Lamp,4,25.71,102.84,111
1594,2024-11-06,LA,Toys,Board Game,2,27.2,54.4,356
520,2025-08-25,LA,Clothing,Jacket,2,127.37,254.74,398
1402,2025-08-21,NY,Toys,Puzzle,1,17.09,17.09,360
1101,2024-08-10,CHI,Grocery,Olive Oil,1,23.1,23.1,391
1345,2025-12-20,LA,Toys,Puzzle,4,19.59,78.36,270
345,2025-09-21,LA,Clothing,Jacket,1,127.42,127.42,161
1316,2024-04-11,NY,Toys,Puzzle,2,16.83,33.66,46
1358,2025-08-21,CHI,Toys,Board Game,4,22.2,88.8,327
2961,2025-06-30,SF,Electronics,Laptop,4,964.14,3856.56,313
38,2024-03-11,SF,Clothing,Jacket,4,111.55,446.2,146
2619,2024-06-30,CHI,Clothing,Jacket,3,102.03,306.09,227
2152,2025-07-17,CHI,Clothing,Jeans,1,57.66,57.66,177
2421,2024-12-26,NY,Electronics,Laptop,2,862.23,1724.46,187
290,2025-07-24,CHI,Toys,Board Game,,25.47,127.35,125
2027,2025-12-07,LA,Clothing,T-Shirt,2,19.05,38.1,246
1217,2025-12-08,CHI,Grocery,Snack Box,2,11.2,22.4,203
871,2025-11-04,NY,Grocery,Olive Oil,4,21.02,84.08,271
567,2025-09-21,NY,Clothing,Jacket,2,105.47,210.94,48
1202,2025-12-31,LA,Grocery,Coffee Beans,2,12.99,25.98,337
1143,2024-08-02,CHI,Grocery,Olive Oil,1,24.07,24.07,358
2115,2024-05-05,LA,Grocery,Olive Oil,4,22.58,90.32,414
718,2024-12-22,CHI,Grocery,Snack Box,3,11.38,34.14,470
934,2024-12-08,SF,Clothing,Jeans,1,59.83,59.83,299
774,2025-08-21,LA,Home,Lamp,1,32.72,32.72,376
2572,2024-02-04,LA,Toys,Board Game,3,28.25,84.75,159
268,2024-12-23,LA,Home,Lamp,3,28.22,84.66,32
2988,2024-10-05,LA,Electronics,Headphones,3,44.48,133.44,61
1030,2024-11-25,SF,Home,Cookware Set,1,83.79,83.79,108
2881,2024-07-29,SF,Clothing,Jacket,1,125.2,125.2,320
2357,2024-12-10,CHI,Home,Blender,4,38.67,154.68,174
89,2024-11-07,LA,Toys,Action Figure,1,11.3,11.3,379
747,2024-11-19,NY,Grocery,Olive Oil,2,20.86,41.72,388
977,2025-03-01,CHI,Clothing,T-Shirt,1,20.63,20.63,156
560,2025-11-21,CHI,Home,Cookware Set,2,75.14,150.28,12
192,2024-12-28,SF,Clothing,T-Shirt,1,21.81,21.81,284
577,2024-12-12,NY,Clothing,T-Shirt,2,18.29,36.58,83
1386,2024-12-05,CHI,Grocery,Coffee Beans,2,13.01,26.02,302
2192,2024-01-27,CHI,Clothing,Jacket,2,129.69,259.38,141
917,2024-09-09,LA,Electronics,Laptop,2,912.35,1824.7,186
654,2025-01-19,SF,Home,Cookware Set,2,78.39,156.78,185
2858,2025-11-18,NY,Grocery,Olive Oil,2,22.71,45.42,409
1940,2024-05-10,CHI,Electronics,Laptop,2,794.01,1588.02,105
1800,2025-11-27,LA,Grocery,Snack Box,5,9.02,45.1,329
678,2024-12-12,SF,Clothing,Jacket,2,112.98,225.96,121
1058,2024-11-14,SF,Home,Blender,2,45.24,90.48,101
766,2024-06-03,SF,Electronics,Phone Case,2,13.54,27.08,414
2432,2024-12-28,SF,Clothing,Jeans,1,56.57,56.57,330
1541,2025-09-23,LA,Toys,Puzzle,2,17.17,34.34,196
2515,2025-11-17,LA,Clothing,T-Shirt,2,18.01,36.02,1
1618,2025-04-26,NY,Electronics,Phone Case,4,15.8,63.2,401
2496,2024-01-14,SF,Toys,Board Game,4,22.1,88.4,70
984,2024-12-11,LA,Home,Cookware Set,2,83.51,167.02,63
1320,2025-12-26,LA,Toys,Action Figure,2,13.47,26.94,260
547,2024-10-14,LA,Electronics,Headphones,1,41.75,41.75,457
2297,2025-11-16,CHI,Toys,Action Figure,1,13.64,13.64,293
763,2025-09-03,SF,Home,Lamp,2,27.01,54.02,32
2890,2025-07-21,SF,Electronics,Headphones,2,44.26,88.52,356
1062,2025-04-22,LA,Clothing,T-Shirt,2,20.83,41.66,247
2768,2024-03-08,LA,Clothing,T-Shirt,1,21.29,21.29,381
1659,2024-03-10,SF,Grocery,Olive Oil,1,23.25,23.25,491
2317,2025-03-07,SF,Home,Cookware Set,2,73.4,146.8,428
862,2024-12-12,CHI,Home,Blender,1,45.46,45.46,211
546,2024-11-08,CHI,Home,Lamp,1,29.67,29.67,283
872,2025-11-07,CHI,Clothing,Jacket,1,108.9,108.9,188
1963,2024-12-19,SF,Clothing,T-Shirt,1,17.29,17.29,237
2473,2024-12-03,CHI,Grocery,Coffee Beans,3,12.4,37.2,201
589,2024-01-10,SF,Home,Lamp,2,34.1,68.2,128
777,2024-01-25,NY,Clothing,Jacket,1,112.2,112.2,481
889,2024-04-22,CHI,Toys,Board Game,1,23.59,23.59,338
991,2024-12-18,NY,Grocery,Olive Oil,1,23.46,23.46,424
2003,2024-12-06,SF,Clothing,T-Shirt,1,21.34,21.34,297
1772,2024-11-20,SF,Clothing,Jeans,2,61.89,123.78,452
1475,2024-07-03,NY,Toys,Puzzle,1,20.06,20.06,86
2472,2024-02-11,LA,Electronics,Laptop,4,845.61,3382.44,299
105,2024-12-21,CHI,Electronics,Headphones,2,39.65,79.3,497
672,2024-07-27,SF,Electronics,Laptop,2,821.43,1642.86,281
2508,2025-11-02,NY,Toys,Puzzle,4,15.64,62.56,472
2309,2024-07-03,CHI,Toys,Action Figure,1,11.9,11.9,289
2816,2025-08-31,NY,Clothing,T-Shirt,1,23.0,23.0,42
2733,2025-12-04,LA,Clothing,T-Shirt,,19.43,58.29,368
1001,2024-05-13,CHI,Toys,Action Figure,1,10.5,10.5,40
2552,2025-01-14,NY,Toys,Board Game,1,23.66,23.66,92
2221,2024-05-01,CHI,Grocery,Coffee Beans,2,13.18,26.36,171
364,2025-11-15,CHI,Electronics,Headphones,3,35.19,105.57,1
1942,2025-08-07,SF,Toys,Board Game,2,22.98,45.96,431
1959,2024-12-14,LA,Electronics,Phone Case,2,12.98,25.96,121
995,2025-11-26,SF,Electronics,Phone Case,2,15.23,30.46,124
761,2024-12-17,NY,Grocery,Snack Box,1,9.44,9.44,241
202,2025-12-02,CHI,Grocery,Snack Box,5,10.02,50.1,192
1920,2025-05-04,NY,Clothing,Jacket,3,107.23,321.69,290
1533,2024-09-26,LA,Clothing,T-Shirt,1,21.38,21.38,409
2832,2024-01-21,CHI,Home,Lamp,2,27.84,55.68,350
2241,2024-12-23,LA,Home,Blender,1,45.72,45.72,405
2721,2024-11-27,LA,Electronics,Headphones,2,41.48,82.96,172
2682,2024-03-11,LA,Electronics,Phone Case,1,13.73,13.73,423
2292,2025-11-27,SF,Home,Blender,2,38.52,77.04,294
1081,2025-11-22,SF,Clothing,T-Shirt,1,17.71,17.71,129
2615,2024-06-26,SF,Electronics,Headphones,1,44.21,44.21,384
2488,2025-11-15,CHI,Clothing,T-Shirt,3,17.47,52.41,208
1321,2025-02-28,NY,Home,Lamp,1,33.42,33.42,461
798,2025-12-01,LA,Home,Cookware Set,1,89.55,89.55,165
963,2024-11-24,SF,Home,Lamp,4,34.2,136.8,447
2269,2024-11-30,SF,Home,Blender,1,43.97,43.97,199
2539,2024-11-05,CHI,Electronics,Headphones,4,39.12,156.48,334
2731,2025-05-30,NY,Electronics,Headphones,1,37.66,37.66,260
2713,2024-08-10,CHI,Toys,Action Figure,2,10.7,21.4,291
1760,2025-12-02,SF,Clothing,Jeans,5,49.08,245.4,31
880,2024-07-24,CHI,Clothing,T-Shirt,1,19.18,19.18,63
2379,2024-12-26,NY,Toys,Board Game,1,21.33,21.33,148
1658,2025-11-11,SF,Clothing,T-Shirt,2,20.54,41.08,286
1231,2025-12-29,CHI,Electronics,Laptop,,863.17,3452.68,127
1781,2024-12-06,SF,Clothing,Jacket,,113.45,226.9,237
1630,2024-11-17,SF,Home,Cookware Set,4,76.22,304.88,194
2178,2024-06-30,SF,Grocery,Coffee Beans,3,15.58,46.74,210
924,2025-07-14,CHI,Electronics,Laptop,3,878.64,2635.92,356
2150,2024-04-30,CHI,Electronics,Laptop,4,1024.21,4096.84,175
2771,2024-09-02,NY,Home,Cookware Set,2,90.47,180.94,2
2346,2025-12-12,CHI,Grocery,Olive Oil,1,20.21,20.21,83
505,2024-12-12,NY,Toys,Board Game,3,24.68,74.04,388
1886,2025-01-15,LA,Toys,Puzzle,2,16.19,32.38,165
1308,2024-11-20,NY,Grocery,Snack Box,2,8.93,17.86,78
223,2024-03-16,SF,Grocery,Coffee Beans,1,12.43,12.43,66
2391,2025-08-28,SF,Toys,Puzzle,1,15.69,15.69,233
1916,2024-12-01,SF,Toys,Board Game,1,25.45,25.45,31
1311,2025-07-13,CHI,Clothing,Jacket,2,137.25,274.5,111
398,2025-11-07,LA,Toys,Puzzle,1,19.79,19.79,400
876,2024-10-17,SF,Electronics,Headphones,1,37.94,37.94,352
1497,2025-12-28,LA,Toys,Board Game,2,24.93,49.86,20
1083,2025-02-17,NY,Home,Lamp,3,32.9,98.7,242
1538,2025-11-20,LA,Toys,Puzzle,1,17.86,17.86,490
232,2024-12-19,CHI,Grocery,Coffee Beans,3,13.21,39.63,67
1087,2024-12-13,LA,Electronics,Laptop,3,983.81,2951.43,215
2324,2024-07-28,NY,Grocery,Snack Box,5,10.94,54.7,120
1812,2024-03-26,CHI,Home,Lamp,4,31.9,127.6,9
1260,2025-12-01,CHI,Toys,Board Game,1,23.9,23.9,352
1337,2025-05-22,CHI,Grocery,Snack Box,3,9.38,28.14,473
2630,2025-11-02,CHI,Home,Cookware Set,4,89.82,359.28,204
1005,2025-01-13,NY,Toys,Board Game,4,26.85,107.4,309
2895,2024-11-13,LA,Toys,Action Figure,1,11.31,11.31,305
308,2024-04-07,NY,Toys,Puzzle,2,19.54,39.08,118
1238,2025-12-17,NY,Home,Lamp,1,31.17,31.17,86
2948,2025-12-23,LA,Toys,Board Game,1,23.78,23.78,228
670,2024-11-08,LA,Clothing,T-Shirt,1,21.11,21.11,445
529,2024-01-26,SF,Electronics,Laptop,3,834.28,2502.84,264
1530,2025-10-13,LA,Grocery,Olive Oil,1,22.62,22.62,177
254,2025-12-18,SF,Home,Lamp,2,31.84,63.68,148
2344,2025-02-18,LA,Clothing,T-Shirt,1,22.14,22.14,438
1803,2024-11-11,SF,Electronics,Headphones,1,35.03,35.03,104
2157,2025-03-20,CHI,Clothing,T-Shirt,4,17.04,68.16,33
1421,2025-03-24,LA,Grocery,Snack Box,1,9.1,9.1,104
222,2025-05-05,CHI,Electronics,Headphones,5,37.71,188.55,422
2576,2024-04-01,CHI,Grocery,Coffee Beans,3,12.54,37.62,225
1295,2025-11-27,LA,Home,Lamp,2,29.18,58.36,226
385,2025-11-19,NY,Home,Blender,2,44.99,89.98,117
2036,2025-02-25,SF,Home,Lamp,1,34.49,34.49,39
1734,2024-01-22,CHI,Clothing,T-Shirt,1,17.07,17.07,430
370,2025-06-27,LA,Clothing,Jacket,1,137.75,137.75,226
944,2025-12-02,CHI,Electronics,Laptop,3,835.26,2505.78,183
1808,2025-12-05,SF,Toys,Action Figure,1,10.81,10.81,477
278,2025-10-18,CHI,Home,Lamp,1,27.12,27.12,192
18,2024-06-14,NY,Grocery,Snack Box,1,9.1,-9.1,307
816,2024-11-19,LA,Electronics,Phone Case,4,14.68,58.72,468
1534,2025-08-12,SF,Grocery,Snack Box,1,10.43,10.43,495
1190,2024-12-26,LA,Grocery,Olive Oil,2,23.29,46.58,353
112,2024-11-18,CHI,Electronics,Phone Case,1,15.49,15.49,48
1496,2024-11-17,LA,Clothing,Jeans,3,60.18,180.54,2
2065,2025-09-08,SF,Home,Cookware Set,2,77.34,154.68,50
1500,2024-04-25,SF,Home,Cookware Set,1,84.51,84.51,215
258,2025-12-04,LA,Grocery,Coffee Beans,1,14.58,14.58,3
1448,2025-01-26,NY,Home,Cookware Set,1,82.04,82.04,115
2772,2024-11-13,NY,Grocery,Snack Box,3,10.22,30.66,12
537,2025-11-05,CHI,Toys,Action Figure,2,11.62,23.24,408
66,2024-03-20,LA,Grocery,Olive Oil,1,22.84,22.84,140
2773,2025-11-05,CHI,Grocery,Coffee Beans,3,13.51,40.53,104
1727,2024-12-25,SF,Toys,Board Game,3,23.24,69.72,413
632,2024-09-16,SF,Electronics,Phone Case,2,16.97,33.94,102
1839,2024-12-27,NY,Toys,Board Game,2,24.91,49.82,35
2785,2024-10-22,LA,Clothing,Jacket,2,110.01,220.02,493
43,2024-12-18,CHI,Electronics,Laptop,2,973.2,1946.4,288
1834,2025-04-21,SF,Grocery,Coffee Beans,1,12.08,12.08,473
125,2024-11-28,NY,Clothing,Jacket,1,112.78,112.78,151
1733,2024-09-08,CHI,Toys,Board Game,5,27.5,137.5,332
2220,2024-11-20,SF,Home,Cookware Set,5,87.25,436.25,92
1269,2025-12-17,LA,Grocery,Olive Oil,3,22.21,66.63,360
572,2024-07-29,SF,Grocery,Coffee Beans,1,14.08,14.08,210
1721,2024-11-01,SF,Toys,Puzzle,2,19.32,38.64,51
421,2024-12-31,LA,Grocery,Snack Box,2,11.17,22.34,341
1673,2025-11-04,LA,Electronics,Laptop,4,1000.05,4000.2,104
962,2025-08-24,CHI,Electronics,Laptop,1,1001.72,1001.72,320
50,2024-12-02,SF,Clothing,T-Shirt,1,17.14,17.14,443
1557,2025-06-19,LA,Home,Cookware Set,3,81.52,244.56,19
2793,2024-09-27,SF,Home,Blender,2,39.94,79.88,6
1290,2025-12-08,LA,Clothing,Jeans,2,51.55,103.1,313
215,2024-11-17,SF,Electronics,Phone Case,1,13.37,13.37,128
2028,2025-12-07,LA,Home,Blender,1,42.84,42.84,98
2526,2025-10-12,CHI,Home,Cookware Set,1,73.51,73.51,443
2986,2024-08-15,CHI,Clothing,Jacket,1,113.1,113.1,131
506,2025-12-15,LA,Toys,Board Game,3,28.2,84.6,494
612,2024-12-04,NY,Clothing,Jacket,3,111.06,333.18,33
2681,2025-06-06,LA,Grocery,Coffee Beans,1,12.05,12.05,100
2446,2025-03-07,NY,Electronics,Phone Case,4,12.93,51.72,183
688,2025-12-05,CHI,Clothing,T-Shirt,1,21.12,21.12,69
643,2025-12-21,SF,Grocery,Snack Box,2,9.99,19.98,57
1664,2025-11-24,NY,Grocery,Olive Oil,2,23.91,47.82,290
1631,2024-06-28,CHI,Toys,Puzzle,2,16.21,32.42,8
1353,2024-05-04,NY,Toys,Action Figure,5,13.26,66.3,15
1160,2024-11-04,CHI,Toys,Board Game,2,24.87,49.74,367
1161,2025-01-27,LA,Electronics,Headphones,1,45.15,45.15,369
866,2024-05-11,LA,Home,Blender,1,48.3,48.3,353
2169,2024-06-17,NY,Electronics,Headphones,4,44.19,176.76,309
1436,2024-11-01,LA,Toys,Action Figure,4,13.01,52.04,274
2826,2025-10-10,SF,Clothing,Jacket,3,123.45,370.35,247
1425,2024-12-31,LA,Clothing,Jacket,2,131.79,263.58,411
1595,2025-11-09,NY,Electronics,Laptop,1,919.8,919.8,310
2439,2025-12-23,CHI,Electronics,Laptop,4,919.22,3676.88,245
2245,2025-08-19,LA,Electronics,Headphones,2,44.72,89.44,293
2703,2024-12-10,NY,Toys,Puzzle,4,15.73,62.92,455
2299,2025-08-28,NY,Clothing,Jacket,2,126.8,253.6,313
2584,2024-11-08,SF,Electronics,Headphones,1,37.34,37.34,418
67,2024-11-23,LA,Home,Lamp,1,33.54,33.54,33
2284,2025-06-27,CHI,Electronics,Headphones,1,43.76,43.76,154
510,2025-12-23,LA,Clothing,T-Shirt,3,19.48,58.44,103
2866,2025-11-04,NY,Clothing,T-Shirt,1,17.36,17.36,428
2888,2024-12-05,SF,Electronics,Headphones,4,43.72,174.88,437
923,2024-04-12,SF,Home,Cookware Set,4,83.02,332.08,260
1350,2024-02-07,NY,Toys,Action Figure,,10.67,53.35,173
1169,2025-12-24,CHI,Grocery,Snack Box,5,8.87,44.35,324
1154,2025-12-17,LA,Grocery,Coffee Beans,1,15.55,15.55,189
2851,2024-04-10,SF,Clothing,Jeans,1,57.72,57.72,117
2281,2025-11-17,SF,Electronics,Phone Case,1,12.81,12.81,230
1171,2024-02-23,LA,Clothing,Jacket,1,135.64,135.64,439
2910,2024-06-24,SF,Grocery,Snack Box,3,9.08,27.24,359
2699,2025-08-17,SF,Electronics,Laptop,1,768.88,-768.88,474
562,2024-07-03,CHI,Grocery,Coffee Beans,1,12.13,12.13,307
2419,2025-10-07,SF,Home,Blender,1,42.54,42.54,208
2582,2025-01-08,NY,Electronics,Phone Case,3,16.8,50.4,225
1120,2025-09-23,NY,Grocery,Snack Box,1,11.47,11.47,159
1056,2024-11-15,CHI,Clothing,T-Shirt,1,21.78,21.78,263
2871,2024-11-28,NY,Home,Blender,1,47.41,47.41,231
2795,2025-11-01,LA,Toys,Puzzle,4,15.55,62.2,458
2020,2024-12-06,SF,Home,Cookware Set,2,78.51,157.02,344
1429,2025-06-14,SF,Clothing,Jeans,2,47.98,95.96,205
1899,2025-08-26,NY,Toys,Action Figure,2,10.95,21.9,348
545,2025-10-18,SF,Electronics,Laptop,1,831.47,831.47,69
177,2024-02-28,SF,Grocery,Coffee Beans,2,13.2,26.4,40
1763,2025-10-03,CHI,Home,Blender,1,44.3,44.3,194
2185,2025-07-01,SF,Toys,Puzzle,2,20.46,40.92,121
2553,2025-04-18,LA,Home,Lamp,2,26.49,52.98,219
203,2024-12-19,LA,Home,Cookware Set,3,72.66,217.98,376
2723,2024-11-16,CHI,Grocery,Snack Box,2,8.5,17.0,107
2930,2024-02-16,CHI,Clothing,Jeans,1,56.72,56.72,415
765,2024-12-09,SF,Toys,Board Game,1,22.2,22.2,8
2660,2025-09-02,LA,Toys,Board Game,4,25.69,102.76,9
2354,2025-01-30,NY,Clothing,Jeans,2,52.45,104.9,237
460,2025-01-18,SF,Electronics,Headphones,2,40.14,80.28,153
948,2024-05-04,NY,Home,Blender,5,42.09,210.45,429
1502,2025-05-10,CHI,Electronics,Laptop,3,953.18,2859.54,308
1269,2025-12-17,LA,Grocery,Olive Oil,3,22.21,66.63,360
1915,2025-11-26,LA,Clothing,Jeans,2,57.64,115.28,299
2329,2025-12-17,,Toys,Puzzle,2,15.65,31.3,305
1303,2024-08-04,CHI,Home,Lamp,1,34.31,34.31,139
1885,2024-10-20,SF,Toys,Board Game,3,26.62,79.86,234
2854,2025-12-02,CHI,Toys,Puzzle,5,18.15,90.75,214
648,2024-11-07,NY,Grocery,Olive Oil,3,22.19,66.57,484
2763,2025-03-24,NY,Toys,Action Figure,3,10.29,30.87,290
1075,2025-08-20,LA,Home,Cookware Set,4,82.47,329.88,113
2970,2025-08-17,LA,Toys,Puzzle,4,19.89,79.56,462
96,2025-12-15,CHI,Electronics,Phone Case,2,16.19,32.38,153
555,2024-12-04,SF,Home,Lamp,,29.73,59.46,428
1495,2024-08-13,SF,Electronics,Headphones,1,35.64,35.64,241
587,2025-04-16,NY,Clothing,Jeans,2,62.61,125.22,247
119,2025-11-10,LA,Toys,Puzzle,1,20.23,20.23,254
2618,2024-11-12,SF,Home,Lamp,1,30.51,30.51,385
972,2025-12-16,NY,Electronics,Phone Case,2,12.84,25.68,254
241,2025-07-25,LA,Electronics,Laptop,5,865.76,4328.8,102
676,2025-12-17,NY,Electronics,Headphones,4,37.51,150.04,463
485,2024-09-19,CHI,Electronics,Phone Case,,13.09,39.27,152
2427,2024-01-01,LA,Home,Cookware Set,2,96.23,192.46,94
180,2024-12-15,LA,Home,Cookware Set,2,74.4,148.8,187
2403,2024-12-06,LA,Home,Blender,1,44.45,44.45,471
887,2024-02-02,NY,Home,Cookware Set,5,86.19,430.95,197
45,2025-01-08,NY,Grocery,Coffee Beans,1,13.71,13.71,461
495,2025-11-08,LA,Grocery,Snack Box,1,10.6,10.6,247
2914,2025-11-10,CHI,Electronics,Phone Case,3,13.58,40.74,87
2233,2025-11-12,CHI,Clothing,Jeans,3,53.42,160.26,91
2556,2024-03-15,SF,Home,Cookware Set,3,77.9,233.7,314
33,2025-11-28,LA,Home,Blender,2,38.93,77.86,36
1090,2025-12-21,SF,Clothing,Jeans,1,47.8,47.8,48
1757,2025-08-27,NY,Home,Lamp,2,26.47,52.94,255
2594,2024-12-17,NY,Clothing,T-Shirt,1,17.78,17.78,121
2651,2025-12-24,NY,Toys,Board Game,2,23.42,46.84,195
360,2025-01-12,CHI,Grocery,Snack Box,4,9.33,37.32,168
2626,2024-11-02,LA,Grocery,Coffee Beans,2,14.64,29.28,449
2175,2024-06-14,CHI,Grocery,Coffee Beans,1,15.74,15.74,458
530,2025-11-04,LA,Grocery,Olive Oil,1,21.91,21.91,498
181,2025-11-26,NY,Home,Lamp,3,28.99,86.97,405
1520,2025-12-27,LA,Grocery,Coffee Beans,2,12.15,24.3,19
35,2025-08-20,SF,Grocery,Coffee Beans,2,14.5,29.0,479
1778,2024-05-10,NY,Clothing,T-Shirt,2,20.33,40.66,241
2889,2024-12-11,SF,Electronics,Headphones,3,41.42,124.26,169
1622,2024-09-05,LA,Clothing,Jeans,1,53.56,53.56,136
1623,2025-12-27,CHI,Electronics,Laptop,1,938.35,938.35,386
171,2025-09-24,SF,Electronics,Laptop,1,770.63,770.63,46
969,2024-12-02,SF,Toys,Action Figure,2,10.27,20.54,5
1612,2025-12-22,NY,Grocery,Snack Box,1,9.73,9.73,488
213,2025-11-08,SF,Electronics,Headphones,2,44.18,88.36,186
1355,2025-01-12,NY,Clothing,T-Shirt,4,18.15,72.6,479
199,2025-03-05,CHI,Home,Blender,1,42.32,42.32,33
1644,2025-06-05,LA,Clothing,Jeans,4,46.86,187.44,92
2118,2024-12-28,NY,Clothing,T-Shirt,1,19.43,19.43,371
1591,2025-10-15,NY,Electronics,Laptop,1,865.65,865.65,196
886,2025-12-16,SF,Electronics,Phone Case,3,16.13,48.39,278
25,2024-12-07,LA,Electronics,Headphones,1,44.32,44.32,371
1837,2024-12-05,SF,Clothing,T-Shirt,1,20.56,20.56,173
2276,2025-01-12,SF,Toys,Puzzle,2,20.24,40.48,319
1992,2024-09-06,LA,Clothing,Jeans,1,53.85,53.85,173
1532,2025-10-18,NY,Grocery,Olive Oil,2,24.87,49.74,304
532,2025-03-21,NY,Toys,Board Game,3,22.79,68.37,383
68,2024-12-13,NY,Toys,Action Figure,2,11.39,22.78,439
1234,2024-12-24,SF,Electronics,Headphones,2,42.03,84.06,122
2982,2024-10-29,LA,Electronics,Headphones,3,36.14,108.42,153
302,2024-03-02,CHI,Clothing,T-Shirt,2,18.31,36.62,338
1575,2024-08-28,SF,Grocery,Coffee Beans,2,12.83,25.66,257
565,2024-06-20,SF,Grocery,Coffee Beans,2,14.52,29.04,473
56,2024-10-29,LA,Home,Cookware Set,2,82.66,165.32,216
951,2025-11-24,,Grocery,Coffee Beans,1,12.79,12.79,281
2780,2025-11-11,NY,Electronics,Headphones,3,41.63,124.89,36
2918,2025-12-27,NY,Clothing,Jacket,1,117.96,117.96,493
1540,2025-11-28,SF,Home,Cookware Set,4,75.32,301.28,438
2361,2025-07-05,LA,Clothing,T-Shirt,3,18.15,54.45,420
1339,2025-05-14,CHI,Grocery,Olive Oil,1,19.79,19.79,217
1017,2025-11-28,SF,Electronics,Laptop,1,997.73,997.73,196
737,2025-12-16,CHI,Toys,Puzzle,3,16.01,48.03,50
1669,2024-12-05,SF,Home,Blender,1,46.67,46.67,439
2855,2025-01-21,LA,Toys,Action Figure,2,10.69,21.38,245
1672,2024-02-10,SF,Electronics,Headphones,4,40.4,161.6,489
1588,2025-11-12,NY,Home,Lamp,1,25.66,25.66,273
1991,2025-05-18,CHI,Home,Blender,2,42.41,84.82,302
1726,2025-12-21,LA,Home,Blender,1,50.59,50.59,388
1116,2025-05-26,NY,Electronics,Headphones,3,38.93,116.79,365
2362,2025-11-20,CHI,Electronics,Laptop,1,860.48,860.48,493
999,2025-08-09,CHI,Home,Lamp,3,31.5,94.5,267
1389,2025-11-11,LA,Clothing,Jacket,2,136.8,273.6,156
2345,2024-04-21,SF,Clothing,Jeans,1,52.3,52.3,310
2530,2024-08-22,CHI,Electronics,Phone Case,2,16.28,32.56,337
2945,2025-09-15,NY,Electronics,Phone Case,2,14.43,28.86,77
1600,2024-08-03,LA,Toys,Board Game,3,24.71,74.13,345
1185,2025-11-22,NY,Grocery,Snack Box,3,10.12,30.36,93
261,2024-02-07,CHI,Electronics,Headphones,3,39.01,117.03,404
1818,2024-12-20,SF,Grocery,Olive Oil,1,21.39,21.39,283
328,2024-04-26,LA,Toys,Action Figure,1,13.14,13.14,304
806,2025-04-30,LA,Electronics,Headphones,1,35.35,35.35,344
2624,2024-12-17,NY,Home,Blender,2,46.51,93.02,47
564,2025-12-20,LA,Electronics,Headphones,5,39.39,196.95,407
2179,2024-01-24,CHI,Electronics,Laptop,3,826.81,2480.43,207
233,2025-12-08,LA,Home,Cookware Set,1,86.57,86.57,50
1968,2024-03-16,SF,Grocery,Olive Oil,1,19.53,19.53,432
1214,2025-04-19,CHI,Home,Cookware Set,4,85.4,341.6,30
1141,2025-12-09,SF,Clothing,Jeans,2,49.49,98.98,257
1489,2025-03-31,CHI,Clothing,Jeans,2,62.29,124.58,152
1117,2025-12-22,LA,Grocery,Snack Box,5,9.01,45.05,171
1956,2024-04-02,LA,Electronics,Laptop,3,863.43,2590.29,48
1950,2025-12-16,CHI,Clothing,Jeans,1,49.13,49.13,87
29,2025-03-29,NY,Home,Lamp,4,27.75,111.0,26
2778,2025-11-09,SF,Electronics,Phone Case,1,16.72,16.72,356
2974,2025-02-28,SF,Clothing,Jeans,1,49.23,49.23,427
2461,2024-12-28,NY,Grocery,Olive Oil,3,24.63,73.89,337
926,2024-11-17,LA,Toys,Board Game,1,25.96,25.96,434
1285,2024-10-16,LA,Electronics,Laptop,1,767.29,767.29,162
75,2025-11-25,NY,Grocery,Coffee Beans,1,16.1,16.1,487
602,2025-10-07,SF,Toys,Action Figure,,10.68,42.72,403
651,2025-03-13,LA,Grocery,Olive Oil,3,23.15,69.45,406
2754,2024-10-03,LA,Clothing,Jeans,4,49.74,198.96,489
1863,2024-06-05,LA,Electronics,Headphones,1,36.63,36.63,257
1210,2024-06-21,LA,Grocery,Snack Box,2,10.33,20.66,90
133,2025-12-22,LA,Home,Blender,1,46.45,46.45,322
1652,2024-08-01,SF,Toys,Action Figure,3,10.27,30.81,151
2688,2025-12-15,CHI,Toys,Board Game,4,23.44,93.76,478
2434,2025-12-12,LA,Home,Cookware Set,2,72.56,145.12,481
457,2025-09-07,LA,Electronics,Laptop,2,1011.11,2022.22,130
489,2025-01-29,CHI,Electronics,Laptop,2,873.07,1746.14,410
2696,2025-11-27,NY,Toys,Action Figure,2,12.49,24.98,92
764,2024-10-25,NY,Toys,Puzzle,1,16.21,16.21,147
988,2024-01-31,NY,Toys,Puzzle,1,19.59,19.59,368
2884,2024-04-15,LA,Electronics,Phone Case,3,12.8,38.4,305
668,2025-12-12,NY,Grocery,Coffee Beans,2,12.37,24.74,395
1405,2025-03-30,NY,Clothing,T-Shirt,3,19.84,59.52,154
2922,2025-12-12,NY,Electronics,Phone Case,4,13.75,55.0,215
2298,2024-11-26,CHI,Home,Blender,1,41.4,41.4,94
1387,2025-06-16,NY,Toys,Action Figure,1,11.31,11.31,222
2268,2024-08-22,NY,Grocery,Olive Oil,3,24.14,72.42,73
1130,2025-12-14,CHI,Toys,Board Game,1,28.38,28.38,390
2201,2025-02-04,LA,Grocery,Snack Box,1,10.23,10.23,444
1374,2024-10-21,SF,Clothing,T-Shirt,1,21.71,21.71,376
395,2024-08-25,CHI,Electronics,Headphones,1,42.54,42.54,359
411,2024-12-17,SF,Clothing,T-Shirt,1,18.91,18.91,393
1551,2025-06-01,NY,Toys,Board Game,1,23.32,23.32,160
1597,2024-11-21,NY,Home,Lamp,5,30.89,154.45,114
595,2025-11-25,LA,Grocery,Olive Oil,5,21.94,109.7,28
2789,2025-12-03,LA,Grocery,Coffee Beans,1,14.22,14.22,403
818,2024-04-10,LA,Grocery,Olive Oil,3,21.86,65.58,43
377,2024-11-26,CHI,Toys,Board Game,1,21.38,21.38,260
2937,2025-12-24,SF,Toys,Board Game,2,22.73,45.46,33
911,2025-05-12,NY,Grocery,Coffee Beans,1,14.61,14.61,441
1156,2024-11-29,CHI,Home,Blender,4,46.81,187.24,120
2578,2025-07-26,SF,Grocery,Olive Oil,1,24.95,24.95,217
2216,2025-07-25,SF,Home,Blender,2,41.42,82.84,206
380,2025-10-11,NY,Clothing,T-Shirt,1,20.22,20.22,159
2520,2025-10-22,LA,Toys,Board Game,1,22.42,22.42,458
2456,2024-01-05,NY,Grocery,Coffee Beans,4,14.09,56.36,223
482,2025-11-25,SF,Grocery,Coffee Beans,3,13.09,39.27,426
2784,2025-12-06,LA,Clothing,Jacket,4,129.72,518.88,472
169,2024-02-13,CHI,Grocery,Snack Box,1,10.92,10.92,472
689,2024-07-07,CHI,Grocery,Snack Box,2,9.91,19.82,243
2444,2025-11-21,LA,Clothing,Jeans,1,49.78,49.78,339
2880,2024-12-05,LA,Toys,Puzzle,1,17.57,17.57,233
1979,2025-11-25,LA,Toys,Action Figure,2,12.58,25.16,48
2288,2025-03-26,CHI,Toys,Board Game,4,27.42,109.68,456
2946,2024-12-11,NY,Toys,Action Figure,1,13.53,13.53,358
2071,2024-11-20,NY,Home,Cookware Set,2,87.26,174.52,48
175,2025-04-04,SF,Toys,Action Figure,3,12.92,38.76,443
1997,2024-07-15,CHI,Grocery,Coffee Beans,2,16.05,32.1,422
1770,2024-12-07,NY,Clothing,Jeans,2,50.16,100.32,474
219,2025-12-28,LA,Home,Cookware Set,1,81.11,81.11,365
2078,2024-07-28,SF,Grocery,Coffee Beans,3,12.03,36.09,428
2061,2024-11-13,CHI,Electronics,Laptop,2,997.74,1995.48,11
85,2025-09-02,SF,Clothing,Jeans,1,59.91,59.91,285
1080,2024-11-26,SF,Clothing,Jeans,1,57.4,57.4,475
1229,2024-02-22,SF,Clothing,Jeans,1,47.04,47.04,359
1919,2025-07-08,NY,Electronics,Headphones,2,38.65,77.3,75
2478,2025-03-17,LA,Home,Lamp,1,28.2,28.2,351
2998,2024-02-20,SF,Home,Blender,2,41.59,83.18,459
228,2025-11-03,,Grocery,Snack Box,1,11.21,11.21,486
820,2025-08-07,NY,Toys,Puzzle,3,16.95,50.85,500
542,2024-12-11,SF,Grocery,Coffee Beans,1,13.12,13.12,66
1711,2024-03-13,SF,Electronics,Phone Case,2,16.09,32.18,449
1404,2024-11-17,NY,Electronics,Laptop,1,933.39,933.39,127
970,2025-03-01,SF,Electronics,Phone Case,2,16.56,33.12,19
835,2025-05-12,CHI,Grocery,Olive Oil,3,23.03,69.09,235
847,2025-09-11,NY,Grocery,Olive Oil,1,19.98,19.98,466
2459,2024-12-13,LA,Grocery,Snack Box,1,8.63,8.63,246
1792,2024-08-20,LA,Toys,Action Figure,2,12.76,25.52,431
2835,2024-07-21,SF,Electronics,Headphones,1,39.76,39.76,458
1158,2025-06-16,NY,Toys,Action Figure,3,12.39,37.17,66
1566,2024-10-02,CHI,Clothing,Jacket,2,105.88,211.76,304
371,2025-02-25,CHI,Home,Cookware Set,3,77.68,233.04,441
1385,2025-10-03,CHI,Toys,Puzzle,1,15.88,15.88,491
2859,2025-02-06,LA,Home,Cookware Set,2,95.67,191.34,91
2491,2025-01-14,SF,Home,Blender,1,43.12,43.12,202
645,2025-02-01,SF,Clothing,T-Shirt,2,17.19,34.38,26
1318,2024-10-23,LA,Toys,Puzzle,1,18.44,18.44,115
1605,2024-04-23,LA,Grocery,Coffee Beans,1,12.31,12.31,443
621,2024-01-08,LA,Electronics,Laptop,2,980.45,1960.9,211
51,2025-11-26,SF,Electronics,Laptop,2,859.81,1719.62,481
2214,2025-01-27,NY,Electronics,Headphones,1,43.32,43.32,357
2188,2025-12-09,,Grocery,Olive Oil,2,25.14,50.28,260
1822,2025-12-21,SF,Electronics,Phone Case,4,16.38,65.52,403
2704,2025-08-09,LA,Electronics,Phone Case,2,16.33,32.66,427
87,2024-11-13,LA,Toys,Puzzle,2,19.14,38.28,157
2841,2024-12-03,LA,Clothing,T-Shirt,4,21.01,84.04,159
2574,2025-03-01,CHI,Home,Blender,3,47.2,141.6,401
1142,2025-02-25,NY,Grocery,Snack Box,2,11.16,22.32,56
2804,2024-11-04,LA,Electronics,Phone Case,2,14.11,28.22,65
1636,2024-07-06,LA,Grocery,Snack Box,1,9.24,9.24,117
2272,2025-11-14,CHI,Grocery,Olive Oil,1,20.53,20.53,442
2229,2025-11-23,NY,Home,Lamp,5,27.38,136.9,378
1523,2024-11-06,LA,Electronics,Laptop,1,953.8,953.8,225
2105,2024-11-05,CHI,Clothing,Jacket,1,125.32,125.32,317
978,2025-01-02,SF,Clothing,T-Shirt,5,20.34,101.7,347
164,2025-11-21,NY,Electronics,Headphones,2,35.89,71.78,140
657,2025-11-15,SF,Home,Cookware Set,2,85.29,170.58,80
1613,2025-10-31,LA,Home,Blender,4,48.28,193.12,436
1568,2024-02-25,SF,Grocery,Coffee Beans,1,12.45,12.45,406
2411,2024-12-01,SF,Grocery,Snack Box,2,10.86,21.72,117
857,2024-05-02,NY,Home,Cookware Set,5,89.74,448.7,433
2790,2025-11-02,CHI,Home,Lamp,1,30.58,30.58,309
99,2024-12-23,CHI,Toys,Puzzle,1,18.51,18.51,37
2907,2024-08-01,LA,Toys,Puzzle,2,17.36,34.72,302
334,2025-12-25,SF,Clothing,Jacket,1,125.93,125.93,495
730,2024-12-25,CHI,Home,Cookware Set,1,95.0,95.0,344
613,2025-06-20,NY,Toys,Puzzle,3,15.59,46.77,54
2237,2025-12-04,LA,Electronics,Phone Case,1,14.86,14.86,102
2475,2025-01-12,CHI,Electronics,Phone Case,2,13.0,26.0,431
1019,2024-11-29,LA,Home,Lamp,1,31.61,31.61,14
76,2024-11-19,LA,Clothing,T-Shirt,2,22.04,44.08,239
1132,2025-01-24,CHI,Grocery,Coffee Beans,1,14.22,14.22,146
2211,2024-11-12,LA,Toys,Board Game,1,23.7,23.7,419
481,2025-11-14,NY,Electronics,Laptop,1,878.64,878.64,262
1277,2025-11-17,LA,Electronics,Laptop,1,795.04,795.04,6
1307,2024-01-11,LA,Toys,Action Figure,2,13.49,26.98,40
1276,2025-04-26,SF,Clothing,Jacket,4,120.99,483.96,228
52,2025-08-17,SF,Electronics,Headphones,1,44.52,44.52,20
1007,2024-12-02,SF,Home,Lamp,2,28.23,56.46,456
2408,2024-08-20,CHI,Electronics,Phone Case,3,16.71,50.13,28
47,2024-06-15,LA,Grocery,Snack Box,,8.96,35.84,452
1168,2025-11-20,SF,Home,Blender,2,45.0,90.0,159
208,2025-03-26,CHI,Electronics,Laptop,2,882.98,1765.96,174
12,2024-11-24,SF,Toys,Action Figure,2,13.38,-26.76,383
1937,2025-05-21,SF,Electronics,Headphones,1,43.74,43.74,262
2015,2024-08-22,SF,Home,Lamp,4,33.52,134.08,203
2649,2024-10-18,NY,Grocery,Olive Oil,4,23.22,92.88,489
193,2024-11-09,CHI,Electronics,Phone Case,4,16.56,66.24,464
1632,2024-11-21,LA,Electronics,Laptop,1,825.7,825.7,183
480,2025-12-16,LA,Electronics,Headphones,2,42.28,84.56,106
2730,2024-04-18,SF,Toys,Puzzle,5,20.48,102.4,398
2467,2025-03-25,LA,Clothing,T-Shirt,1,22.11,22.11,357
1020,2025-02-26,SF,Electronics,Laptop,1,870.28,870.28,193
1499,2025-05-16,CHI,Home,Blender,2,50.06,100.12,307
2741,2024-03-21,SF,Grocery,Olive Oil,1,20.05,20.05,407
1608,2025-05-21,SF,Grocery,Snack Box,4,9.68,38.72,423
2537,2025-12-20,CHI,Electronics,Headphones,4,37.69,150.76,237
1112,2025-03-01,SF,Electronics,Phone Case,1,13.51,13.51,166
1068,2024-06-24,CHI,Toys,Board Game,1,24.02,24.02,450
1851,2024-07-11,NY,Grocery,Snack Box,3,9.1,27.3,152
1315,2025-12-13,SF,Clothing,Jeans,1,53.82,53.82,433
391,2025-12-19,CHI,Clothing,Jeans,1,56.05,56.05,396
324,2024-12-06,CHI,Electronics,Headphones,4,37.66,150.64,412
2231,2024-04-02,CHI,Electronics,Headphones,1,38.53,38.53,135
1419,2024-02-08,NY,Toys,Board Game,1,21.71,21.71,227
1411,2024-05-22,CHI,Grocery,Olive Oil,4,18.98,75.92,142
6,2025-10-05,SF,Electronics,Laptop,1,786.28,786.28,296
2085,2025-11-26,LA,Grocery,Snack Box,1,10.71,10.71,124
1451,2025-09-28,CHI,Grocery,Coffee Beans,1,15.08,15.08,401
2287,2025-11-18,LA,Clothing,T-Shirt,1,20.37,20.37,311
1294,2025-08-05,SF,Toys,Puzzle,4,20.29,81.16,440
2479,2025-08-04,NY,Home,Cookware Set,3,91.89,275.67,155
152,2024-12-20,SF,Toys,Board Game,1,27.99,27.99,196
1048,2024-02-25,LA,Electronics,Laptop,1,829.36,829.36,484
789,2025-01-09,SF,Electronics,Phone Case,2,17.24,34.48,42
1571,2024-04-12,CHI,Grocery,Olive Oil,1,18.73,18.73,358
1441,2024-12-24,LA,Clothing,Jeans,1,49.73,49.73,150
1098,2024-06-28,LA,Home,Lamp,3,31.02,93.06,461
322,2024-11-02,CHI,Clothing,T-Shirt,1,18.0,18.0,401
1422,2024-11-21,NY,Clothing,Jeans,3,60.18,180.54,105
2430,2025-12-03,SF,Clothing,Jeans,2,62.7,125.4,226
2205,2024-08-16,NY,Grocery,Snack Box,1,10.85,10.85,287
682,2025-11-07,LA,Grocery,Coffee Beans,1,13.69,13.69,298
2693,2025-11-10,SF,Electronics,Phone Case,2,13.13,26.26,464
979,2024-02-02,SF,Clothing,T-Shirt,4,21.97,87.88,221
2848,2025-01-13,CHI,Home,Lamp,3,29.42,88.26,396
1980,2024-11-07,CHI,Grocery,Olive Oil,1,20.52,20.52,292
368,2024-05-03,CHI,Toys,Board Game,1,21.31,21.31,356
1464,2025-02-21,SF,Home,Cookware Set,1,92.35,92.35,241
2283,2024-12-23,LA,Electronics,Headphones,2,40.1,80.2,171
2819,2025-10-07,LA,Grocery,Olive Oil,3,19.0,57.0,390
140,2024-03-05,,Grocery,Olive Oil,1,24.74,24.74,466
2580,2025-02-14,NY,Clothing,T-Shirt,1,17.82,17.82,111
1931,2025-12-22,LA,Home,Blender,2,49.4,98.8,394
293,2024-08-04,NY,Clothing,Jeans,4,51.75,207.0,383
2492,2024-03-06,SF,Toys,Puzzle,2,18.51,37.02,65
313,2024-12-20,NY,Clothing,Jacket,2,128.07,256.14,51
1317,2025-09-30,NY,Electronics,Phone Case,,16.95,16.95,325
1694,2024-11-27,LA,Toys,Puzzle,1,15.56,15.56,83
1927,2024-11-11,CHI,Home,Lamp,2,33.03,66.06,262
2834,2025-02-20,LA,Clothing,T-Shirt,3,18.93,56.79,199
22,2025-02-12,SF,Grocery,Snack Box,3,10.57,31.71,225
270,2025-11-16,LA,Electronics,Phone Case,1,16.87,16.87,233
1292,2024-12-19,SF,Electronics,Laptop,1,790.41,790.41,181
924,2025-07-14,CHI,Electronics,Laptop,3,878.64,2635.92,356
528,2024-11-24,CHI,Grocery,Snack Box,1,9.23,9.23,469
1704,2025-12-16,CHI,Clothing,Jeans,5,47.56,237.8,165
2190,2025-06-03,NY,Electronics,Laptop,2,858.63,1717.26,356
1819,2025-04-05,NY,Clothing,Jeans,1,51.4,51.4,413
106,2025-11-17,NY,Electronics,Laptop,1,858.95,858.95,440
1767,2025-11-27,CHI,Electronics,Phone Case,5,12.88,64.4,379
2021,2024-06-16,SF,Home,Lamp,2,26.96,53.92,159
1110,2025-01-21,LA,Home,Lamp,1,25.97,25.97,192
1,2024-05-22,NY,Electronics,Headphones,1,42.9,42.9,303
2495,2025-01-15,CHI,Toys,Puzzle,3,16.07,48.21,155
2253,2024-12-21,LA,Grocery,Snack Box,2,9.46,18.92,489
1174,2024-07-18,CHI,Electronics,Phone Case,1,16.02,16.02,50
1838,2025-11-16,CHI,Clothing,T-Shirt,1,19.98,-19.98,222
1127,2025-07-16,LA,Clothing,T-Shirt,1,17.75,17.75,121
1272,2025-12-13,LA,Clothing,T-Shirt,1,17.34,17.34,194
1204,2024-07-06,SF,Clothing,Jacket,3,123.91,371.73,409
754,2024-11-21,NY,Toys,Board Game,4,23.41,93.64,74
1222,2025-02-13,CHI,Clothing,Jeans,3,59.14,177.42,68
778,2025-09-05,NY,Grocery,Snack Box,1,11.18,11.18,45
166,2025-11-14,SF,Home,Cookware Set,2,89.55,179.1,24
1883,2024-01-25,LA,Home,Cookware Set,3,84.47,253.41,121
861,2024-11-19,SF,Electronics,Phone Case,2,16.14,32.28,139
793,2024-12-13,NY,Grocery,Olive Oil,1,25.08,25.08,173
1984,2025-07-25,SF,Home,Lamp,1,34.1,34.1,324
2113,2024-11-15,NY,Grocery,Snack Box,1,10.0,10.0,345
813,2024-06-24,LA,Clothing,T-Shirt,2,22.11,44.22,454
2420,2025-04-01,SF,Clothing,Jacket,1,103.71,103.71,361
291,2025-04-05,NY,Home,Blender,1,42.71,42.71,275
2959,2025-07-03,CHI,Grocery,Snack Box,5,8.74,43.7,62
2448,2025-01-28,LA,Electronics,Headphones,1,44.64,44.64,407
2392,2025-12-10,LA,Electronics,Phone Case,1,14.8,14.8,65
2548,2024-12-21,CHI,Home,Blender,1,43.92,43.92,354
1367,2025-06-27,SF,Toys,Board Game,2,23.25,46.5,61
2847,2024-08-20,NY,Electronics,Phone Case,2,16.4,32.8,79
601,2024-11-16,NY,Home,Blender,4,45.75,183.0,91
185,2025-12-02,NY,Clothing,Jacket,4,127.3,509.2,331
735,2025-10-06,CHI,Toys,Board Game,4,26.54,106.16,316
2717,2025-11-26,NY,Electronics,Headphones,1,38.56,38.56,338
2358,2024-05-23,LA,Clothing,T-Shirt,1,22.07,22.07,479
353,2024-11-15,NY,Clothing,Jeans,1,61.18,61.18,398
1717,2025-09-13,CHI,Toys,Puzzle,2,18.58,37.16,22
925,2025-03-30,LA,Electronics,Headphones,1,41.7,41.7,2
255,2025-02-08,LA,Electronics,Phone Case,1,15.79,15.79,149
1433,2025-09-16,NY,Toys,Board Game,2,27.29,54.58,178
2033,2024-04-29,CHI,Clothing,T-Shirt,2,20.57,41.14,254
301,2024-01-07,LA,Electronics,Headphones,2,45.34,90.68,35
695,2024-12-13,SF,Electronics,Phone Case,3,14.49,43.47,397
2632,2025-01-29,LA,Grocery,Coffee Beans,2,15.6,31.2,110
805,2025-11-06,LA,Grocery,Snack Box,3,9.16,27.48,142
2032,2024-11-18,CHI,Home,Lamp,1,32.25,32.25,44
2008,2024-06-17,CHI,Home,Cookware Set,1,94.39,94.39,48
