customer_id,tenure_months,contract_type,monthly_charges,total_charges,support_calls,payment_method,is_senior,has_dependents,churned
1,38,one-year,102.92,3800.81,0,electronic_check,0,0,0
2,24,month-to-month,71.99,1706.64,0,electronic_check,0,1,1
3,53,two-year,69.37,3648.73,0,credit_card,0,1,0
4,16,two-year,80.67,1185.77,4,bank_transfer,0,0,0
5,25,two-year,76.34,1785.0,3,credit_card,0,0,0
6,25,one-year,37.14,852.75,1,electronic_check,0,0,0
7,9,month-to-month,82.82,713.99,5,credit_card,1,1,0
8,45,month-to-month,68.68,3036.75,2,credit_card,0,0,0
9,28,month-to-month,83.84,2439.23,1,bank_transfer,0,1,1
10,36,month-to-month,30.11,1086.73,2,electronic_check,0,0,0
11,47,two-year,61.98,2836.39,1,credit_card,0,1,0
12,34,month-to-month,29.46,1027.36,0,credit_card,0,0,0
13,38,two-year,79.6,3168.48,2,bank_transfer,0,0,0
14,23,month-to-month,64.06,1511.39,3,electronic_check,0,0,0
15,33,month-to-month,52.59,1633.87,3,credit_card,0,0,1
16,2,two-year,50.05,98.87,0,bank_transfer,0,0,0
17,30,month-to-month,76.23,2211.57,0,electronic_check,0,1,0
18,14,month-to-month,96.06,1243.8,0,credit_card,0,0,1
19,15,one-year,20.66,315.61,0,bank_transfer,1,0,0
20,20,one-year,51.47,974.8,0,credit_card,0,0,0
21,1,two-year,69.38,63.47,2,bank_transfer,0,0,0
22,17,one-year,40.99,633.79,3,electronic_check,0,0,0
23,29,month-to-month,76.22,2259.48,3,bank_transfer,0,1,0
24,3,month-to-month,80.64,232.31,0,credit_card,0,1,0
25,35,month-to-month,33.43,1094.56,1,bank_transfer,0,0,1
26,3,one-year,73.7,228.52,3,bank_transfer,0,0,0
27,15,month-to-month,34.03,529.64,1,bank_transfer,0,0,0
28,39,month-to-month,70.87,2649.67,0,bank_transfer,1,0,0
29,23,month-to-month,42.18,1012.27,2,credit_card,0,0,0
30,20,month-to-month,131.31,2463.66,3,credit_card,0,1,0
31,20,two-year,94.04,1824.5,1,bank_transfer,0,1,0
32,22,two-year,86.0,1712.48,3,electronic_check,0,1,0
33,47,one-year,78.35,3447.11,0,bank_transfer,1,0,0
34,37,month-to-month,55.2,2080.87,3,bank_transfer,1,1,0
35,11,two-year,64.28,725.84,4,electronic_check,1,0,1
36,48,one-year,45.57,2030.49,0,electronic_check,0,0,0
37,29,month-to-month,48.41,1337.85,0,bank_transfer,0,1,1
38,1,month-to-month,67.22,63.22,0,credit_card,0,0,0
39,28,two-year,79.83,2192.17,1,bank_transfer,0,0,0
40,29,month-to-month,54.67,1510.59,1,bank_transfer,0,0,0
41,42,two-year,111.51,4851.91,2,credit_card,0,0,0
42,64,month-to-month,33.96,2263.14,4,electronic_check,1,0,0
43,1,one-year,43.82,40.5,4,bank_transfer,0,1,0
44,1,one-year,55.4,57.19,1,credit_card,0,1,0
45,30,month-to-month,48.24,1308.28,1,bank_transfer,1,0,0
46,56,month-to-month,105.7,6121.96,1,credit_card,0,0,0
47,27,one-year,28.65,725.48,1,credit_card,0,1,0
48,19,two-year,71.72,1346.33,3,bank_transfer,0,0,0
49,22,one-year,71.34,1549.48,2,electronic_check,0,1,0
50,31,month-to-month,43.47,1287.61,3,bank_transfer,0,0,0
51,1,two-year,47.71,48.32,1,credit_card,0,0,0
52,35,two-year,116.01,3701.4,1,bank_transfer,1,0,0
53,17,month-to-month,50.93,806.04,1,bank_transfer,0,0,0
54,13,month-to-month,50.68,606.94,0,bank_transfer,0,1,0
55,21,one-year,65.73,1365.37,1,bank_transfer,0,0,0
56,12,month-to-month,52.03,632.68,2,bank_transfer,0,1,0
57,49,month-to-month,74.47,3405.34,2,bank_transfer,1,0,1
58,28,month-to-month,48.8,1274.01,0,credit_card,1,0,0
59,25,month-to-month,81.97,1879.86,1,electronic_check,0,0,0
60,35,one-year,79.48,2543.92,0,bank_transfer,0,0,0
61,39,month-to-month,71.21,2879.94,1,electronic_check,1,0,0
62,27,month-to-month,37.38,1048.55,0,electronic_check,0,0,0
63,32,one-year,89.57,2861.72,1,electronic_check,1,1,1
64,9,one-year,109.55,909.48,1,credit_card,0,0,0
65,1,month-to-month,105.57,105.96,2,bank_transfer,0,0,1
66,8,month-to-month,70.75,525.21,4,bank_transfer,0,1,1
67,35,one-year,53.33,1744.54,2,bank_transfer,0,0,0
68,19,two-year,102.98,1963.94,1,credit_card,0,0,0
69,10,one-year,31.19,325.78,4,credit_card,0,0,0
70,34,month-to-month,67.76,2289.91,0,credit_card,0,0,0
71,33,two-year,20.88,705.32,5,bank_transfer,0,0,0
72,13,one-year,48.05,589.85,0,credit_card,1,1,0
73,1,month-to-month,82.01,81.64,0,bank_transfer,0,0,0
74,8,one-year,82.9,608.43,1,bank_transfer,0,0,0
75,12,one-year,54.67,673.76,0,credit_card,0,0,0
76,30,one-year,51.64,1395.0,1,credit_card,0,1,1
77,27,one-year,55.42,1471.06,3,electronic_check,0,1,0
78,57,month-to-month,103.03,5507.93,0,credit_card,0,0,0
79,22,month-to-month,51.46,1070.47,1,electronic_check,0,1,0
80,41,one-year,56.36,2351.67,0,bank_transfer,0,0,0
81,48,month-to-month,90.1,4482.04,0,bank_transfer,1,0,0
82,39,month-to-month,74.18,2879.66,2,credit_card,0,0,0
83,8,one-year,59.32,455.49,1,bank_transfer,0,1,0
84,25,two-year,79.32,1832.22,1,credit_card,0,0,0
85,40,month-to-month,90.56,3303.12,0,credit_card,0,1,0
86,12,one-year,46.29,557.13,1,bank_transfer,0,0,0
87,1,month-to-month,27.52,27.54,5,bank_transfer,0,1,0
88,21,month-to-month,111.45,2294.26,0,credit_card,0,0,0
89,35,two-year,83.84,2730.49,1,bank_transfer,0,0,0
90,26,month-to-month,51.97,1301.1,2,bank_transfer,0,0,0
91,38,month-to-month,71.99,2542.85,2,electronic_check,0,0,0
92,1,two-year,71.74,65.21,1,credit_card,0,0,1
93,4,month-to-month,15,55.67,1,electronic_check,0,0,1
94,1,one-year,47.53,43.38,5,electronic_check,0,0,0
95,32,two-year,91.92,2852.0,0,credit_card,0,0,0
96,6,two-year,78.18,446.3,2,credit_card,0,1,1
97,19,month-to-month,80.57,1527.64,1,electronic_check,0,1,0
98,1,two-year,94.09,92.08,0,credit_card,0,0,1
99,2,two-year,91.76,186.14,4,electronic_check,0,0,1
100,31,month-to-month,32.27,971.07,0,electronic_check,0,0,0
101,27,month-to-month,45.92,1291.71,4,credit_card,0,0,0
102,19,two-year,96.6,1676.61,0,bank_transfer,0,0,0
103,36,month-to-month,15,504.43,0,electronic_check,1,0,0
104,31,month-to-month,103.54,3354.06,1,bank_transfer,0,0,1
105,30,two-year,46.19,1447.41,1,bank_transfer,0,1,0
106,38,month-to-month,105.24,3958.26,2,bank_transfer,0,0,1
107,43,month-to-month,88.25,3977.66,4,bank_transfer,0,1,0
108,11,month-to-month,85.45,913.28,2,credit_card,0,1,0
109,1,month-to-month,59.35,59.69,2,electronic_check,0,1,0
110,52,month-to-month,82.84,4341.54,0,bank_transfer,0,1,0
111,34,month-to-month,49.79,1724.32,5,credit_card,0,0,0
112,12,one-year,93.27,1049.43,1,bank_transfer,0,1,0
113,26,month-to-month,84.29,2185.47,2,electronic_check,0,0,0
114,21,month-to-month,125.78,2480.52,0,bank_transfer,0,1,0
115,16,two-year,57.43,944.58,1,electronic_check,1,0,0
116,38,month-to-month,64.13,2268.98,3,credit_card,0,0,0
117,34,month-to-month,56.22,1902.56,2,bank_transfer,0,0,1
118,48,one-year,71.92,3520.77,0,bank_transfer,0,0,0
119,4,one-year,66.81,246.43,4,bank_transfer,1,0,0
120,42,month-to-month,66.5,2905.97,0,credit_card,0,0,0
121,38,one-year,79.21,2864.31,0,bank_transfer,0,0,0
122,32,two-year,42.33,1384.22,2,bank_transfer,0,0,0
123,48,one-year,39.92,1971.36,2,electronic_check,0,0,0
124,7,two-year,92.5,633.36,3,credit_card,0,0,0
125,50,month-to-month,74.77,3534.57,0,electronic_check,0,0,1
126,31,two-year,107.13,3024.57,2,credit_card,0,1,1
127,57,month-to-month,94.99,5370.32,0,bank_transfer,0,1,0
128,56,one-year,15,837.27,1,electronic_check,0,0,0
129,55,month-to-month,67.05,3416.9,1,credit_card,0,1,0
130,9,one-year,76.33,662.96,5,credit_card,0,0,0
131,46,two-year,86.96,3809.85,2,bank_transfer,1,0,0
132,1,two-year,75.23,77.34,1,electronic_check,1,0,0
133,43,one-year,40.16,1764.06,1,bank_transfer,1,0,0
134,22,two-year,56.93,1239.94,1,credit_card,0,0,0
135,40,month-to-month,66.53,2508.89,1,credit_card,0,1,0
136,7,month-to-month,53.56,364.67,0,credit_card,0,0,0
137,1,month-to-month,88.49,86.94,0,bank_transfer,0,0,0
138,39,month-to-month,15,610.21,1,credit_card,0,0,0
139,29,month-to-month,50.08,1351.54,2,bank_transfer,1,1,0
140,21,month-to-month,76.21,1463.93,3,bank_transfer,0,0,1
141,30,one-year,112.91,3271.27,1,bank_transfer,0,0,0
142,33,month-to-month,68.21,2305.71,0,bank_transfer,0,0,0
143,32,two-year,82.65,2704.05,0,electronic_check,0,0,0
144,37,month-to-month,47.44,1726.49,3,bank_transfer,0,0,0
145,15,month-to-month,83.94,1314.38,2,electronic_check,0,0,0
146,22,two-year,72.21,1460.47,2,electronic_check,0,1,0
147,1,month-to-month,51.74,48.47,4,credit_card,0,0,1
148,53,two-year,77.22,4110.0,1,credit_card,0,1,0
149,45,month-to-month,76.6,3249.26,0,credit_card,1,1,0
150,51,month-to-month,78.21,3941.42,1,electronic_check,0,0,0
151,33,two-year,62.81,2058.11,2,bank_transfer,0,1,0
152,16,month-to-month,84.07,1354.39,1,bank_transfer,0,0,1
153,5,one-year,67.96,312.5,1,bank_transfer,0,1,0
154,32,two-year,68.91,2304.42,1,credit_card,0,0,1
155,24,month-to-month,26.51,630.19,0,credit_card,0,1,0
156,11,two-year,66.98,663.73,3,credit_card,0,0,0
157,31,two-year,118.14,3824.06,2,electronic_check,0,0,0
158,10,two-year,56.11,551.51,3,electronic_check,0,1,0
159,37,month-to-month,81.55,2851.33,3,credit_card,0,0,0
160,25,month-to-month,90.66,2250.14,4,credit_card,1,0,1
161,33,two-year,60.06,1923.67,2,electronic_check,0,0,0
162,27,month-to-month,51.32,1428.21,4,electronic_check,0,0,1
163,26,month-to-month,63.15,1483.73,1,electronic_check,1,1,1
164,18,month-to-month,47.62,860.3,4,credit_card,1,0,0
165,33,one-year,74.97,2509.27,1,credit_card,0,1,0
166,63,month-to-month,90.54,5540.0,3,credit_card,0,0,0
167,31,two-year,99.13,3142.98,5,credit_card,1,0,1
168,38,month-to-month,65.12,2552.78,1,electronic_check,1,0,0
169,12,two-year,73.19,837.54,4,credit_card,0,1,0
170,48,month-to-month,59.48,2989.58,5,electronic_check,0,1,0
171,28,one-year,76.59,2233.74,0,electronic_check,0,0,1
172,53,two-year,116.54,5717.8,0,bank_transfer,1,1,0
173,8,two-year,58.63,432.86,4,electronic_check,0,0,0
174,54,month-to-month,110.22,5816.63,3,credit_card,0,1,0
175,29,one-year,109.0,3316.88,0,bank_transfer,0,0,0
176,9,month-to-month,30.41,261.96,0,bank_transfer,0,0,0
177,11,one-year,92.16,1051.0,3,bank_transfer,0,1,0
178,28,month-to-month,55.24,1407.3,1,bank_transfer,0,0,0
179,29,one-year,95.54,2524.27,2,bank_transfer,1,1,0
180,37,month-to-month,100.3,3556.9,4,credit_card,0,0,0
181,37,two-year,83.43,2900.32,2,credit_card,0,0,0
182,16,one-year,63.29,998.9,4,bank_transfer,0,0,0
183,15,two-year,36.47,536.28,0,electronic_check,0,1,0
184,37,month-to-month,43.59,1661.18,2,credit_card,0,0,0
185,45,month-to-month,60.08,2700.5,3,electronic_check,0,0,0
186,17,month-to-month,71.45,1102.12,4,electronic_check,0,0,1
187,20,month-to-month,67.78,1301.46,0,credit_card,0,1,0
188,41,two-year,84.16,3336.9,2,bank_transfer,0,0,0
189,34,month-to-month,74.34,2402.73,2,bank_transfer,0,1,0
190,51,month-to-month,68.9,3528.9,3,bank_transfer,0,0,0
191,21,two-year,55.34,1145.47,0,bank_transfer,0,0,0
192,9,two-year,15,127.77,1,credit_card,1,0,0
193,1,one-year,76.48,80.19,0,credit_card,1,0,0
194,28,two-year,104.91,2975.6,5,electronic_check,0,1,0
195,25,month-to-month,79.31,2004.09,2,bank_transfer,1,1,0
196,1,one-year,71.13,70.14,3,electronic_check,0,0,0
197,24,one-year,85.53,1983.25,0,credit_card,0,1,1
198,1,two-year,40.37,39.95,0,bank_transfer,0,1,0
199,29,two-year,79.11,2093.91,5,bank_transfer,0,1,0
200,30,month-to-month,98.32,3053.76,0,credit_card,0,0,0
201,38,one-year,82.43,3097.09,1,credit_card,1,0,0
202,37,month-to-month,78.97,2867.86,0,bank_transfer,0,0,0
203,24,one-year,94.88,2146.76,3,credit_card,0,0,0
204,21,month-to-month,93.55,1989.42,1,electronic_check,0,0,0
205,18,month-to-month,107.36,1754.05,1,credit_card,1,1,0
206,14,one-year,46.71,626.49,2,credit_card,0,0,0
207,7,one-year,61.68,442.68,4,credit_card,0,1,1
208,1,month-to-month,88.65,88.35,5,electronic_check,0,1,1
209,24,two-year,94.03,2368.34,0,bank_transfer,0,0,0
210,30,month-to-month,77.71,2264.6,0,bank_transfer,0,1,0
211,1,one-year,79.71,76.31,0,electronic_check,0,1,1
212,1,one-year,28.0,29.08,5,credit_card,0,0,1
213,1,month-to-month,74.61,76.3,0,electronic_check,1,1,1
214,20,one-year,67.44,1298.39,4,credit_card,0,0,0
215,28,one-year,36.73,991.49,0,bank_transfer,0,0,0
216,42,one-year,118.39,4548.77,2,credit_card,0,0,0
217,29,two-year,64.81,1955.82,0,credit_card,0,1,0
218,11,one-year,68.85,705.22,2,bank_transfer,1,0,0
219,29,one-year,69.72,1916.63,1,bank_transfer,1,0,0
220,29,one-year,60.88,1735.68,0,credit_card,0,0,0
221,34,two-year,80.78,2528.32,3,credit_card,0,0,0
222,1,month-to-month,113.15,112.55,3,credit_card,1,0,1
223,28,month-to-month,98.62,2597.27,0,credit_card,0,0,0
224,1,month-to-month,90.93,89.4,0,credit_card,0,0,0
225,13,two-year,54.24,643.02,3,credit_card,0,0,0
226,1,month-to-month,74.07,75.0,1,bank_transfer,0,0,1
227,21,month-to-month,149.96,3008.06,1,credit_card,0,1,0
228,33,two-year,29.48,1011.64,0,electronic_check,0,0,0
229,44,two-year,54.58,2199.29,1,credit_card,0,0,0
230,13,month-to-month,94.57,1197.41,2,credit_card,0,0,0
231,1,month-to-month,47.68,49.43,3,bank_transfer,0,0,1
232,19,month-to-month,98.78,1703.72,1,electronic_check,0,0,0
233,19,two-year,76.97,1434.42,2,bank_transfer,0,0,0
234,21,two-year,32.08,610.5,3,credit_card,0,0,0
235,41,one-year,49.58,2032.11,0,credit_card,0,1,0
236,22,month-to-month,82.89,1742.63,2,electronic_check,0,0,0
237,33,two-year,80.05,2433.34,2,bank_transfer,0,0,0
238,42,two-year,100.29,4211.29,5,credit_card,0,0,0
239,15,month-to-month,87.28,1262.95,1,credit_card,0,0,0
240,24,one-year,125.75,3074.78,4,electronic_check,0,1,0
241,14,two-year,49.02,700.33,2,bank_transfer,0,1,0
242,21,month-to-month,41.08,861.17,4,credit_card,1,0,1
243,4,one-year,57.53,229.18,1,bank_transfer,0,0,0
244,22,two-year,49.44,979.37,2,electronic_check,0,0,0
245,1,month-to-month,43.77,43.58,0,credit_card,1,1,0
246,45,one-year,102.13,4400.9,0,bank_transfer,0,0,0
247,1,month-to-month,101.4,96.44,4,bank_transfer,1,1,1
248,27,month-to-month,43.51,1081.41,2,bank_transfer,0,1,0
249,34,one-year,42.9,1434.51,2,bank_transfer,1,0,0
250,51,one-year,82.27,4006.75,2,credit_card,0,0,0
251,1,month-to-month,79.17,71.31,0,credit_card,0,1,1
252,1,two-year,27.87,26.56,1,bank_transfer,0,0,0
253,39,month-to-month,72.67,2840.65,5,bank_transfer,0,0,0
254,35,month-to-month,98.23,3330.44,0,electronic_check,0,1,0
255,35,two-year,71.79,2512.47,0,credit_card,0,0,0
256,52,month-to-month,55.16,2920.09,1,bank_transfer,1,1,0
257,15,two-year,54.26,740.79,4,electronic_check,1,0,0
258,6,month-to-month,80.72,503.23,3,bank_transfer,0,1,0
259,40,one-year,42.74,1654.49,5,electronic_check,0,0,0
260,22,month-to-month,105.17,2347.68,1,electronic_check,0,0,0
261,11,month-to-month,60.11,639.98,0,bank_transfer,0,1,0
262,2,month-to-month,98.8,180.44,2,bank_transfer,0,1,0
263,13,one-year,59.83,722.91,0,credit_card,1,0,0
264,30,month-to-month,88.13,2467.14,3,electronic_check,1,0,0
265,42,month-to-month,71.95,2863.14,0,bank_transfer,0,0,0
266,43,month-to-month,85.85,3732.05,2,credit_card,0,0,0
267,1,month-to-month,58.94,56.89,1,bank_transfer,0,0,1
268,54,month-to-month,96.19,5425.22,0,credit_card,0,0,0
269,26,month-to-month,45.58,1068.28,3,bank_transfer,0,0,0
270,16,one-year,63.37,986.19,0,credit_card,0,0,0
271,64,month-to-month,67.64,4449.82,1,credit_card,0,1,0
272,46,one-year,82.58,3453.09,2,bank_transfer,0,0,0
273,30,month-to-month,94.1,2888.12,0,credit_card,0,0,0
274,34,month-to-month,88.57,3062.46,5,bank_transfer,0,0,1
275,23,two-year,108.65,2332.09,3,credit_card,0,0,0
276,7,month-to-month,72.69,493.61,2,bank_transfer,0,1,0
277,47,one-year,61.93,2971.44,4,credit_card,0,0,0
278,1,month-to-month,90.68,87.5,1,bank_transfer,0,1,0
279,1,two-year,98.29,92.8,1,electronic_check,1,0,1
280,17,one-year,104.79,1773.38,0,bank_transfer,0,1,0
281,1,two-year,52.29,53.26,1,bank_transfer,0,1,0
282,6,one-year,75.68,463.73,4,electronic_check,0,0,0
283,9,one-year,18.31,150.07,1,bank_transfer,1,1,0
284,22,one-year,65.62,1431.61,1,bank_transfer,1,1,0
285,13,month-to-month,38.45,464.61,0,electronic_check,0,0,0
286,39,month-to-month,70.43,2514.87,4,credit_card,0,1,0
287,41,one-year,43.69,1773.42,0,bank_transfer,0,0,0
288,43,two-year,98.33,3960.24,0,electronic_check,0,1,0
289,12,month-to-month,101.24,1135.23,2,bank_transfer,0,0,1
290,26,month-to-month,79.76,2087.77,1,credit_card,1,0,0
291,31,two-year,112.97,3180.6,0,bank_transfer,0,1,0
292,15,two-year,91.17,1349.05,2,electronic_check,0,0,1
293,1,month-to-month,118.44,107.15,2,bank_transfer,0,0,1
294,17,month-to-month,79.39,1317.63,0,credit_card,0,0,0
295,16,month-to-month,72.26,1091.9,4,credit_card,0,0,1
296,18,month-to-month,64.7,1171.56,0,bank_transfer,0,0,0
297,31,month-to-month,50.69,1475.65,0,credit_card,1,1,0
298,9,two-year,89.93,772.85,1,electronic_check,0,0,0
299,35,two-year,57.79,2101.41,0,credit_card,0,0,0
300,44,two-year,66.75,2863.53,2,credit_card,0,0,0
301,1,two-year,86.46,87.69,4,electronic_check,0,1,0
302,1,one-year,94.68,96.43,2,credit_card,0,0,1
303,1,month-to-month,102.18,92.16,0,bank_transfer,0,0,1
304,1,two-year,92.87,94.15,1,bank_transfer,0,1,0
305,36,month-to-month,90.9,3275.4,1,bank_transfer,0,0,0
306,15,one-year,76.32,1085.63,0,electronic_check,0,1,0
307,9,one-year,84.51,741.94,4,credit_card,0,0,1
308,34,month-to-month,71.42,2501.23,1,credit_card,0,0,0
309,12,one-year,64.44,753.96,0,credit_card,0,1,0
310,22,two-year,69.28,1596.08,0,bank_transfer,1,0,0
311,1,one-year,42.16,43.53,0,electronic_check,0,1,1
312,26,month-to-month,82.18,1962.54,0,electronic_check,0,1,1
313,37,month-to-month,81.71,2784.28,5,credit_card,0,1,1
314,45,two-year,79.74,3687.94,1,electronic_check,0,0,0
315,11,month-to-month,101.25,1035.48,1,credit_card,0,0,0
316,21,month-to-month,98.08,1898.54,1,credit_card,1,1,0
317,22,month-to-month,62.26,1351.64,3,credit_card,0,0,1
318,10,two-year,35.12,329.57,2,electronic_check,0,0,1
319,19,month-to-month,94.28,1643.83,1,bank_transfer,0,0,0
320,24,month-to-month,29.13,640.27,0,credit_card,0,0,1
321,30,two-year,110.13,3104.5,2,bank_transfer,0,0,1
322,36,two-year,62.88,2340.05,1,credit_card,0,0,0
323,22,month-to-month,89.56,2063.7,1,electronic_check,0,1,0
324,18,month-to-month,83.96,1409.8,4,bank_transfer,0,1,0
325,21,month-to-month,74.55,1598.83,2,bank_transfer,0,0,1
326,1,one-year,34.77,34.02,2,electronic_check,0,1,0
327,1,month-to-month,22.91,22.6,4,credit_card,0,0,0
328,1,one-year,60.37,56.29,0,bank_transfer,0,1,0
329,53,month-to-month,37.71,2017.49,0,credit_card,0,1,0
330,23,one-year,68.03,1451.73,0,credit_card,0,0,0
331,14,two-year,98.5,1331.34,3,electronic_check,0,1,1
332,27,month-to-month,52.88,1374.91,2,electronic_check,0,1,0
333,27,month-to-month,101.71,2827.1,2,electronic_check,0,1,0
334,26,two-year,78.41,2093.99,0,bank_transfer,1,1,0
335,36,two-year,15,517.81,0,bank_transfer,0,1,0
336,45,month-to-month,119.81,5642.05,2,bank_transfer,0,1,0
337,31,month-to-month,65.26,1900.89,2,electronic_check,0,0,0
338,6,month-to-month,38.39,228.76,2,electronic_check,0,0,1
339,15,one-year,85.65,1346.33,5,credit_card,0,0,1
340,35,two-year,77.41,2622.42,0,bank_transfer,0,0,0
341,39,month-to-month,73.53,2707.59,3,electronic_check,0,0,0
342,11,two-year,61.21,623.34,4,credit_card,0,0,1
343,29,month-to-month,38.56,1173.98,3,bank_transfer,1,0,1
344,53,one-year,58.13,3195.0,2,credit_card,0,0,0
345,13,month-to-month,37.23,490.75,0,electronic_check,0,0,0
346,7,month-to-month,71.01,500.6,1,credit_card,0,0,0
347,13,month-to-month,53.89,660.42,0,credit_card,0,0,0
348,39,two-year,104.76,4105.94,0,bank_transfer,1,1,0
349,1,month-to-month,70.72,71.67,3,electronic_check,0,0,1
350,13,two-year,29.66,373.55,3,bank_transfer,0,0,0
351,53,month-to-month,114.34,6353.25,2,credit_card,0,1,0
352,25,month-to-month,85.14,2147.73,1,credit_card,1,1,0
353,19,two-year,52.65,902.35,4,credit_card,0,1,0
354,27,month-to-month,94.68,2524.66,3,bank_transfer,1,1,0
355,4,month-to-month,80.23,300.74,4,electronic_check,0,0,0
356,28,one-year,48.61,1284.46,0,electronic_check,0,0,0
357,1,month-to-month,55.96,54.58,0,credit_card,0,1,0
358,7,one-year,72.0,513.14,1,bank_transfer,0,0,0
359,23,month-to-month,63.4,1356.01,1,credit_card,0,0,0
360,41,month-to-month,55.33,2076.04,1,credit_card,0,0,1
361,2,month-to-month,66.49,128.65,5,credit_card,0,0,0
362,1,month-to-month,23.54,23.97,3,electronic_check,0,0,1
363,1,month-to-month,62.56,62.92,2,credit_card,0,0,1
364,48,month-to-month,47.79,2253.08,1,electronic_check,0,0,1
365,63,month-to-month,82.71,4752.78,3,bank_transfer,1,0,1
366,1,two-year,81.1,81.32,1,credit_card,0,0,0
367,9,one-year,138.1,1291.39,0,electronic_check,0,0,0
368,64,month-to-month,59.7,3558.55,0,electronic_check,1,0,1
369,30,two-year,20.4,575.02,0,bank_transfer,0,1,0
370,2,one-year,95.18,181.9,0,credit_card,0,1,0
371,4,one-year,16.76,70.23,5,bank_transfer,0,1,0
372,44,month-to-month,83.41,3808.68,4,bank_transfer,1,0,0
373,33,month-to-month,56.2,1866.82,1,credit_card,0,0,1
374,23,month-to-month,32.4,716.5,1,bank_transfer,0,0,0
375,3,month-to-month,79.38,217.75,3,credit_card,0,0,0
376,1,month-to-month,36.12,32.96,4,bank_transfer,0,0,0
377,34,two-year,50.56,1561.14,1,electronic_check,0,1,0
378,15,month-to-month,118.53,1860.88,3,credit_card,0,1,1
379,20,two-year,101.9,2084.84,1,credit_card,0,1,0
380,9,month-to-month,84.67,711.73,5,credit_card,0,0,1
381,12,month-to-month,32.76,357.45,5,bank_transfer,0,0,1
382,58,one-year,87.45,4919.19,0,electronic_check,1,0,0
383,12,two-year,86.01,943.76,0,electronic_check,0,0,0
384,19,month-to-month,53.6,973.79,4,credit_card,0,0,0
385,29,one-year,79.71,2359.32,2,bank_transfer,0,0,0
386,20,one-year,64.51,1183.97,0,electronic_check,0,0,0
387,39,month-to-month,97.75,3479.8,2,credit_card,0,0,1
388,49,month-to-month,59.29,2730.77,0,credit_card,0,1,0
389,23,month-to-month,44.91,1026.97,1,credit_card,0,0,1
390,21,one-year,15,298.0,0,credit_card,0,0,0
391,41,one-year,91.77,3716.25,2,electronic_check,0,1,0
392,17,two-year,74.25,1213.45,0,bank_transfer,0,1,0
393,5,month-to-month,118.83,572.92,1,credit_card,0,0,0
394,4,month-to-month,104.12,402.02,0,bank_transfer,0,0,0
395,44,month-to-month,52.69,2250.68,2,credit_card,0,0,1
396,37,two-year,37.47,1401.37,0,bank_transfer,0,0,0
397,2,month-to-month,76.93,145.05,0,bank_transfer,0,0,0
398,20,two-year,77.48,1614.44,2,electronic_check,1,0,0
399,2,month-to-month,96.55,201.02,0,electronic_check,1,0,0
400,1,month-to-month,71.52,66.62,2,bank_transfer,0,0,0
401,13,one-year,81.53,1066.11,1,credit_card,0,1,0
402,35,month-to-month,63.9,2104.1,0,electronic_check,0,0,0
403,1,month-to-month,71.62,66.38,1,electronic_check,0,1,1
404,45,month-to-month,95.81,4115.5,0,credit_card,0,0,0
405,42,one-year,62.25,2628.28,0,credit_card,1,0,0
406,31,two-year,53.32,1509.65,1,bank_transfer,0,0,0
407,23,month-to-month,15,311.48,0,bank_transfer,0,0,0
408,22,month-to-month,104.11,2142.41,0,bank_transfer,0,1,0
409,18,month-to-month,58.92,1008.99,2,electronic_check,0,1,0
410,30,month-to-month,64.42,1856.92,4,bank_transfer,0,0,1
411,40,month-to-month,75.22,2730.51,1,bank_transfer,0,0,0
412,23,two-year,65.43,1423.77,2,credit_card,0,1,0
413,1,two-year,104.28,97.69,0,electronic_check,0,1,1
414,39,month-to-month,38.95,1592.66,0,credit_card,0,1,1
415,28,month-to-month,121.34,3291.32,3,credit_card,0,0,1
416,38,month-to-month,39.25,1548.89,2,electronic_check,0,1,1
417,33,month-to-month,73.34,2457.78,0,bank_transfer,1,1,1
418,34,month-to-month,95.07,3010.88,4,electronic_check,1,0,1
419,20,month-to-month,53.56,991.12,2,bank_transfer,0,0,0
420,30,one-year,76.27,2170.42,0,bank_transfer,0,0,0
421,47,one-year,107.57,4981.77,2,bank_transfer,0,1,0
422,1,month-to-month,41.39,40.28,0,bank_transfer,0,1,1
423,30,month-to-month,49.88,1479.89,3,electronic_check,0,0,1
424,12,month-to-month,111.58,1265.97,5,credit_card,0,1,1
425,43,two-year,133.85,5601.2,1,credit_card,0,1,1
426,34,month-to-month,81.73,2851.73,0,bank_transfer,0,0,1
427,41,month-to-month,56.05,2331.24,2,credit_card,0,0,0
428,1,two-year,81.86,78.05,4,electronic_check,0,0,0
429,1,one-year,47.97,46.33,0,bank_transfer,0,0,0
430,3,two-year,77.27,234.38,1,electronic_check,0,0,0
431,1,two-year,89.8,90.47,1,credit_card,0,0,0
432,28,month-to-month,71.69,1825.73,5,bank_transfer,0,0,0
433,35,one-year,73.51,2531.98,0,credit_card,0,0,0
434,1,month-to-month,62.52,58.94,1,bank_transfer,0,0,1
435,24,month-to-month,66.85,1474.08,3,credit_card,0,0,0
436,4,month-to-month,79.43,288.65,5,bank_transfer,0,1,1
437,25,two-year,38.76,1014.76,0,credit_card,0,1,0
438,23,month-to-month,81.98,1707.26,0,bank_transfer,0,1,0
439,31,month-to-month,31.16,884.09,0,credit_card,0,0,0
440,49,one-year,27.93,1290.53,2,electronic_check,0,0,0
441,27,month-to-month,43.91,1087.31,1,electronic_check,1,0,0
442,46,one-year,102.77,4431.03,1,bank_transfer,0,0,0
443,8,one-year,106.12,882.24,1,bank_transfer,0,0,0
444,14,one-year,54.98,793.85,1,credit_card,0,0,1
445,33,one-year,86.43,2989.1,5,bank_transfer,0,0,1
446,10,two-year,53.45,506.97,0,credit_card,0,0,0
447,37,one-year,33.97,1184.87,2,bank_transfer,1,1,0
448,16,month-to-month,54.69,820.37,2,electronic_check,1,0,1
449,17,one-year,71.6,1222.79,2,credit_card,1,1,1
450,23,two-year,104.26,2182.76,0,bank_transfer,0,1,0
451,65,month-to-month,114.36,7247.88,0,credit_card,0,1,0
452,33,one-year,72.59,2291.71,0,credit_card,1,1,0
453,1,month-to-month,58.75,61.46,5,credit_card,0,0,1
454,1,month-to-month,55.4,53.93,4,bank_transfer,0,0,1
455,49,two-year,98.1,4861.6,3,bank_transfer,0,1,0
456,1,two-year,48.65,48.37,3,credit_card,0,0,0
457,15,month-to-month,102.03,1420.64,4,bank_transfer,0,1,0
458,32,two-year,68.04,1995.73,1,credit_card,0,0,0
459,17,month-to-month,73.54,1150.36,1,credit_card,1,0,0
460,1,two-year,125.69,113.71,2,electronic_check,0,1,1
461,26,one-year,58.87,1522.69,0,bank_transfer,0,0,0
462,18,month-to-month,47.19,891.13,3,bank_transfer,0,1,0
463,28,month-to-month,84.04,2424.47,4,credit_card,1,1,0
464,51,one-year,19.55,1044.58,2,bank_transfer,0,0,0
465,19,two-year,84.0,1592.49,2,bank_transfer,0,1,0
466,41,month-to-month,48.66,2056.1,0,electronic_check,0,0,0
467,34,month-to-month,83.05,2946.33,3,bank_transfer,1,0,1
468,4,month-to-month,25.36,99.09,0,credit_card,0,1,0
469,9,one-year,103.86,942.12,1,credit_card,0,0,0
470,19,one-year,110.6,2112.7,4,bank_transfer,0,1,0
471,48,month-to-month,86.23,3995.84,0,electronic_check,0,0,0
472,30,one-year,86.4,2651.15,2,credit_card,0,0,0
473,19,month-to-month,61.14,1135.18,1,bank_transfer,0,1,0
474,30,one-year,64.47,1796.94,2,credit_card,0,0,0
475,45,one-year,90.47,3814.08,0,electronic_check,0,0,0
476,37,one-year,131.97,4425.65,0,bank_transfer,1,0,0
477,2,month-to-month,80.82,155.14,3,bank_transfer,1,0,1
478,43,two-year,90.54,3973.94,4,credit_card,0,0,0
479,28,month-to-month,70.96,1943.69,1,credit_card,0,0,0
480,48,one-year,70.49,3440.33,3,credit_card,0,1,0
481,43,month-to-month,116.0,5168.8,3,credit_card,0,0,0
482,20,two-year,66.7,1251.65,0,bank_transfer,0,1,0
483,33,month-to-month,62.94,2094.16,2,credit_card,0,0,0
484,16,month-to-month,56.7,892.49,1,bank_transfer,1,1,0
485,9,two-year,49.87,435.38,0,bank_transfer,0,0,0
486,35,month-to-month,85.35,2812.35,0,bank_transfer,0,1,0
487,15,month-to-month,17.78,251.73,2,electronic_check,1,0,0
488,44,month-to-month,66.68,2798.86,3,bank_transfer,0,0,0
489,33,two-year,79.25,2599.49,1,credit_card,0,1,0
490,15,month-to-month,51.53,729.72,0,electronic_check,0,0,0
491,41,month-to-month,80.26,3242.31,2,electronic_check,0,1,0
492,30,month-to-month,58.74,1781.66,0,bank_transfer,0,0,1
493,29,month-to-month,99.99,2645.94,5,bank_transfer,0,0,0
494,56,month-to-month,38.36,2005.57,1,credit_card,0,0,0
495,14,month-to-month,60.91,780.89,0,bank_transfer,0,1,0
496,12,two-year,59.66,653.0,4,bank_transfer,0,0,0
497,35,two-year,92.62,3089.0,1,bank_transfer,0,0,0
498,10,month-to-month,81.27,835.77,0,bank_transfer,1,0,0
499,24,month-to-month,90.75,2240.3,3,credit_card,0,0,0
500,42,month-to-month,82.78,3269.23,0,credit_card,1,0,0
501,44,one-year,56.1,2274.88,0,bank_transfer,0,0,1
502,42,one-year,81.91,3363.1,3,bank_transfer,1,0,0
503,42,month-to-month,86.23,3331.49,1,electronic_check,0,0,0
504,6,one-year,28.92,169.64,2,bank_transfer,1,1,1
505,37,month-to-month,94.96,3304.98,1,credit_card,0,0,0
506,20,month-to-month,80.83,1671.29,3,electronic_check,0,1,1
507,16,two-year,87.18,1402.44,3,credit_card,0,0,0
508,20,one-year,67.23,1298.9,2,bank_transfer,0,0,0
509,28,month-to-month,71.04,1839.27,1,bank_transfer,0,0,0
510,42,one-year,115.57,5006.5,0,bank_transfer,0,0,0
511,46,month-to-month,64.68,3025.43,4,bank_transfer,0,0,1
512,15,month-to-month,89.79,1315.67,2,bank_transfer,0,1,0
513,55,one-year,84.2,4710.66,2,credit_card,0,0,0
514,36,one-year,86.69,2835.9,0,bank_transfer,1,0,1
515,36,month-to-month,108.71,3831.59,0,bank_transfer,0,0,0
516,10,month-to-month,72.53,732.6,2,credit_card,1,1,0
517,18,one-year,46.65,815.71,4,credit_card,1,1,0
518,48,one-year,71.79,3255.74,2,bank_transfer,1,1,0
519,9,month-to-month,96.58,895.87,0,credit_card,0,0,0
520,32,one-year,48.84,1623.29,2,credit_card,1,0,0
521,16,month-to-month,64.1,937.55,2,electronic_check,0,0,0
522,8,month-to-month,49.28,368.0,2,electronic_check,0,1,0
523,37,month-to-month,83.16,3182.05,0,credit_card,0,0,0
524,4,month-to-month,71.9,290.92,0,credit_card,0,1,0
525,1,month-to-month,99.41,97.13,3,bank_transfer,0,0,0
526,11,month-to-month,15,168.07,0,credit_card,0,0,1
527,13,month-to-month,68.13,871.12,2,electronic_check,1,0,1
528,31,month-to-month,44.13,1252.14,5,bank_transfer,0,0,0
529,31,month-to-month,95.81,2798.13,2,credit_card,0,1,0
530,1,one-year,95.3,92.42,0,bank_transfer,0,0,0
531,4,month-to-month,61.29,231.51,0,credit_card,0,0,0
532,29,two-year,80.81,2230.17,0,bank_transfer,0,1,0
533,24,two-year,26.59,640.0,3,electronic_check,1,0,0
534,46,month-to-month,47.91,2007.66,3,credit_card,0,0,0
535,1,one-year,35.15,35.74,1,bank_transfer,0,1,0
536,28,two-year,92.22,2325.79,1,electronic_check,0,1,0
537,41,month-to-month,48.08,1914.31,0,bank_transfer,0,0,0
538,36,one-year,48.09,1655.74,0,electronic_check,0,0,0
539,26,one-year,59.11,1443.06,1,electronic_check,0,1,1
540,26,two-year,43.42,1154.64,0,electronic_check,1,1,0
541,44,two-year,76.64,3177.82,0,electronic_check,0,1,0
542,2,month-to-month,80.9,149.47,0,credit_card,0,0,1
543,5,month-to-month,84.17,390.9,2,credit_card,1,1,1
544,25,two-year,98.32,2473.92,1,bank_transfer,0,0,0
545,28,two-year,73.62,2080.59,0,credit_card,0,0,0
546,29,month-to-month,34.68,969.8,1,bank_transfer,1,0,1
547,38,month-to-month,73.07,2800.76,0,credit_card,0,0,0
548,29,month-to-month,43.34,1160.31,1,credit_card,0,0,1
549,27,month-to-month,94.34,2310.95,5,bank_transfer,0,0,0
550,33,month-to-month,45.24,1383.56,0,bank_transfer,0,0,0
551,46,month-to-month,27.8,1246.12,0,bank_transfer,0,1,0
552,15,month-to-month,81.04,1257.6,2,credit_card,0,0,0
553,19,two-year,55.95,1100.56,0,credit_card,0,0,0
554,19,two-year,80.33,1451.02,4,bank_transfer,0,0,0
555,8,month-to-month,100.22,745.44,0,credit_card,0,0,1
556,11,month-to-month,57.06,593.89,1,credit_card,0,0,0
557,1,one-year,74.35,69.04,3,electronic_check,0,0,0
558,55,two-year,62.6,3285.47,0,electronic_check,0,0,0
559,33,one-year,53.34,1622.32,1,bank_transfer,0,0,0
560,3,two-year,29.94,84.03,0,credit_card,0,1,0
561,29,two-year,63.91,1763.14,0,credit_card,0,0,0
562,2,month-to-month,73.19,134.54,0,electronic_check,0,0,0
563,1,two-year,49.47,49.9,0,electronic_check,0,1,0
564,1,one-year,72.42,73.73,0,electronic_check,0,0,0
565,38,month-to-month,42.37,1578.06,0,credit_card,0,0,0
566,1,one-year,77.88,77.63,4,electronic_check,0,0,1
567,31,month-to-month,92.37,2964.97,1,bank_transfer,0,1,0
568,12,month-to-month,83.64,1010.99,0,electronic_check,0,1,1
569,22,month-to-month,44.81,1020.95,5,credit_card,1,1,0
570,26,month-to-month,67.91,1681.84,1,credit_card,0,0,0
571,39,two-year,67.72,2659.95,3,electronic_check,0,0,0
572,21,two-year,93.85,1819.26,1,credit_card,0,0,0
573,20,month-to-month,46.82,899.35,0,bank_transfer,0,1,0
574,14,one-year,78.8,1098.54,3,electronic_check,0,0,0
575,13,month-to-month,37.89,483.87,2,credit_card,0,0,1
576,1,one-year,94.18,92.05,5,electronic_check,0,0,0
577,26,two-year,92.67,2433.33,0,credit_card,0,0,0
578,11,two-year,46.65,472.57,1,credit_card,0,1,0
579,26,month-to-month,52.55,1322.0,0,credit_card,0,1,0
580,17,month-to-month,81.25,1254.22,0,credit_card,0,0,0
581,1,one-year,108.29,101.64,1,credit_card,0,0,0
582,22,month-to-month,68.39,1451.05,3,credit_card,0,0,0
583,41,two-year,97.7,4205.44,5,bank_transfer,1,0,1
584,25,month-to-month,15,359.84,5,credit_card,0,1,0
585,18,month-to-month,69.5,1176.62,2,credit_card,0,0,0
586,15,one-year,63.01,974.66,3,credit_card,0,0,1
587,7,month-to-month,116.57,765.24,1,credit_card,0,0,1
588,25,month-to-month,68.81,1648.65,1,electronic_check,0,0,1
589,17,two-year,51.22,808.65,2,credit_card,0,1,0
590,53,month-to-month,86.01,4659.0,0,credit_card,1,0,0
591,13,two-year,88.39,1125.08,1,bank_transfer,0,1,0
592,36,month-to-month,95.67,3564.56,5,bank_transfer,0,1,0
593,26,month-to-month,58.15,1515.69,0,bank_transfer,0,1,0
594,7,two-year,63.9,466.83,3,bank_transfer,0,0,0
595,8,one-year,40.87,336.02,2,electronic_check,0,0,0
596,12,month-to-month,85.01,1045.95,2,electronic_check,1,0,1
597,8,two-year,73.72,539.78,2,electronic_check,0,0,0
598,30,two-year,58.2,1795.49,1,credit_card,0,1,0
599,41,month-to-month,91.24,3617.98,3,bank_transfer,0,0,0
600,28,month-to-month,128.96,3510.3,0,electronic_check,1,1,0
601,28,month-to-month,46.49,1211.16,5,credit_card,0,0,0
602,21,month-to-month,70.79,1415.03,3,credit_card,0,1,1
603,24,month-to-month,79.01,1881.76,0,electronic_check,0,0,0
604,22,one-year,87.86,1881.78,3,bank_transfer,0,0,1
605,37,one-year,69.0,2404.99,0,credit_card,0,0,0
606,33,month-to-month,20.27,676.19,3,credit_card,0,0,1
607,19,month-to-month,51.3,883.83,2,bank_transfer,0,1,0
608,15,two-year,52.82,758.06,0,electronic_check,0,1,0
609,37,month-to-month,77.88,2886.37,1,credit_card,1,0,1
610,1,one-year,76.78,80.35,1,electronic_check,0,1,0
611,23,month-to-month,24.44,527.86,1,electronic_check,0,0,1
612,19,month-to-month,103.39,2034.45,0,credit_card,0,0,1
613,5,month-to-month,51.83,242.38,2,electronic_check,0,1,0
614,47,month-to-month,102.56,4716.68,2,credit_card,0,0,1
615,1,one-year,65.84,63.21,0,bank_transfer,0,0,0
616,34,two-year,57.32,1959.94,2,bank_transfer,1,0,0
617,46,one-year,33.41,1493.37,4,credit_card,0,0,0
618,1,month-to-month,89.96,87.21,2,bank_transfer,0,0,1
619,1,two-year,62.32,57.44,0,electronic_check,0,1,0
620,8,month-to-month,91.69,696.09,1,credit_card,1,0,0
621,25,month-to-month,34.83,821.66,4,credit_card,0,0,1
622,15,month-to-month,110.48,1680.08,0,credit_card,1,1,0
623,36,month-to-month,118.52,3873.63,2,bank_transfer,0,1,1
624,29,month-to-month,31.86,940.85,2,credit_card,0,0,0
625,5,month-to-month,22.92,118.41,2,credit_card,0,0,0
626,51,month-to-month,78.09,3821.96,2,bank_transfer,0,1,0
627,18,two-year,72.79,1217.3,2,bank_transfer,1,1,1
628,18,month-to-month,67.15,1256.35,1,bank_transfer,1,0,0
629,16,month-to-month,101.66,1634.28,1,credit_card,0,0,0
630,13,month-to-month,15.89,211.49,2,credit_card,1,0,1
631,4,month-to-month,74.82,310.64,1,electronic_check,0,1,1
632,7,two-year,53.26,354.98,0,electronic_check,0,1,1
633,40,one-year,75.53,2792.95,0,credit_card,0,0,0
634,21,month-to-month,104.33,2236.03,1,credit_card,0,0,1
635,7,one-year,138.22,1012.42,1,electronic_check,0,0,0
636,21,one-year,76.12,1618.71,4,credit_card,0,1,0
637,47,two-year,73.83,3321.81,0,credit_card,0,0,0
638,21,one-year,15,303.82,3,credit_card,0,0,0
639,4,one-year,104.25,420.38,1,electronic_check,0,0,0
640,1,two-year,61.37,56.4,0,electronic_check,0,0,0
641,17,one-year,71.11,1216.11,0,credit_card,0,1,0
642,24,month-to-month,81.14,1782.8,0,credit_card,0,1,0
643,20,month-to-month,79.84,1470.31,0,electronic_check,0,0,0
644,1,month-to-month,52.81,54.76,3,bank_transfer,0,0,0
645,26,two-year,121.88,2919.03,0,credit_card,0,0,0
646,35,month-to-month,67.98,2342.66,0,electronic_check,0,0,0
647,36,month-to-month,72.76,2575.49,2,electronic_check,0,0,1
648,41,month-to-month,70.27,3010.27,1,credit_card,0,0,1
649,34,month-to-month,70.09,2259.15,0,credit_card,0,0,1
650,19,month-to-month,94.68,1856.85,2,bank_transfer,0,1,0
651,1,one-year,70.51,64.67,2,electronic_check,1,0,0
652,22,two-year,28.75,570.23,3,electronic_check,0,0,1
653,66,two-year,62.59,3773.79,0,credit_card,0,0,0
654,61,two-year,70.52,3892.28,0,credit_card,0,0,0
655,10,two-year,89.12,851.76,3,bank_transfer,0,1,0
656,1,month-to-month,85.24,79.51,2,bank_transfer,0,1,0
657,31,two-year,88.33,2757.03,4,bank_transfer,0,1,0
658,33,month-to-month,30.29,1023.38,0,electronic_check,0,1,0
659,39,month-to-month,123.88,4415.77,0,electronic_check,0,1,0
660,27,month-to-month,69.17,1946.56,4,bank_transfer,0,0,1
661,12,month-to-month,70.79,806.16,2,bank_transfer,0,0,1
662,18,two-year,53.17,924.74,0,bank_transfer,0,0,0
663,20,month-to-month,94.52,1934.74,0,credit_card,0,1,0
664,7,month-to-month,80.15,579.83,0,bank_transfer,0,0,0
665,20,two-year,77.14,1579.26,1,bank_transfer,0,1,0
666,1,month-to-month,27.34,26.84,0,bank_transfer,0,1,0
667,18,one-year,104.89,1776.12,4,credit_card,0,0,0
668,40,two-year,42.25,1767.24,0,electronic_check,0,0,0
669,1,one-year,63.37,58.8,1,bank_transfer,0,0,0
670,1,month-to-month,56.58,54.18,0,credit_card,0,0,0
671,1,one-year,83.96,78.09,0,credit_card,0,0,0
672,6,month-to-month,97.93,578.0,0,credit_card,0,0,0
673,15,one-year,69.66,1003.8,5,electronic_check,0,0,0
674,5,two-year,92.44,474.39,4,bank_transfer,0,0,1
675,17,one-year,96.94,1688.03,0,credit_card,1,1,0
676,7,one-year,71.96,460.02,1,bank_transfer,0,0,0
677,46,one-year,82.64,3457.06,0,electronic_check,0,1,0
678,32,month-to-month,102.71,3210.5,2,electronic_check,0,0,1
679,54,two-year,117.04,5750.6,2,credit_card,0,0,0
680,24,month-to-month,67.81,1467.98,3,credit_card,0,0,0
681,36,month-to-month,51.05,1692.21,3,electronic_check,0,0,0
682,30,one-year,64.17,1801.13,0,electronic_check,1,0,0
683,8,month-to-month,39.98,298.59,1,credit_card,0,1,0
684,7,month-to-month,19.61,136.81,2,credit_card,0,0,0
685,1,two-year,65.14,60.72,1,electronic_check,1,0,1
686,11,two-year,47.99,486.84,4,bank_transfer,1,1,1
687,15,one-year,114.54,1648.11,2,credit_card,1,0,0
688,16,month-to-month,61.35,898.22,2,credit_card,0,0,0
689,34,month-to-month,94.8,3284.17,0,electronic_check,0,0,1
690,19,month-to-month,70.73,1335.66,0,electronic_check,1,0,0
691,25,month-to-month,48.45,1201.56,2,bank_transfer,0,1,0
692,37,month-to-month,50.09,1849.32,1,bank_transfer,0,0,1
693,27,month-to-month,91.95,2316.58,2,credit_card,0,1,0
694,39,one-year,93.88,3403.06,3,electronic_check,0,1,1
695,1,month-to-month,22.4,21.08,3,credit_card,1,0,0
696,1,month-to-month,56.99,59.06,2,electronic_check,0,1,1
697,18,month-to-month,42.22,748.96,2,electronic_check,0,0,1
698,25,two-year,57.4,1384.4,1,credit_card,1,0,0
699,25,month-to-month,60.72,1385.6,2,credit_card,0,1,0
700,18,month-to-month,93.53,1526.83,1,bank_transfer,0,0,0
701,11,month-to-month,60.01,627.42,0,credit_card,0,0,0
702,1,month-to-month,54.17,54.49,0,credit_card,0,1,1
703,32,one-year,67.54,2239.93,0,electronic_check,1,0,0
704,32,two-year,92.22,2760.51,1,credit_card,1,0,0
705,30,month-to-month,57.99,1645.98,4,credit_card,1,1,0
706,6,two-year,34.83,189.61,3,electronic_check,0,0,0
707,1,two-year,82.83,84.36,1,credit_card,1,1,0
708,19,two-year,70.28,1231.0,2,credit_card,0,0,0
709,1,month-to-month,91.33,89.0,3,bank_transfer,0,0,0
710,18,month-to-month,45.52,748.57,5,bank_transfer,0,0,1
711,26,one-year,66.6,1767.2,2,credit_card,0,0,0
712,16,one-year,44.83,749.19,3,bank_transfer,0,0,0
713,14,two-year,42.51,573.52,1,electronic_check,0,0,0
714,1,month-to-month,83.25,84.55,0,bank_transfer,0,0,1
715,28,one-year,91.91,2596.49,0,electronic_check,0,0,0
716,41,month-to-month,42.77,1694.08,4,bank_transfer,0,0,0
717,19,month-to-month,74.09,1470.97,1,credit_card,1,0,0
718,13,one-year,47.89,627.1,3,credit_card,0,1,0
719,19,one-year,48.42,845.53,3,bank_transfer,1,0,0
720,36,two-year,23.45,800.3,2,electronic_check,0,1,0
721,26,one-year,75.72,1831.72,0,bank_transfer,0,0,0
722,11,one-year,123.08,1362.28,1,bank_transfer,0,0,0
723,1,one-year,85.85,86.05,4,credit_card,0,0,1
724,39,month-to-month,69.43,2691.91,0,bank_transfer,0,1,0
725,36,one-year,113.21,4045.88,2,credit_card,0,0,1
726,22,one-year,79.26,1596.02,1,electronic_check,0,1,0
727,13,two-year,95.62,1132.21,0,credit_card,0,0,0
728,37,month-to-month,65.59,2266.22,1,bank_transfer,0,0,0
729,26,month-to-month,47.66,1291.36,1,electronic_check,0,0,1
730,7,month-to-month,34.93,221.79,2,electronic_check,0,1,1
731,33,month-to-month,68.74,2186.49,1,credit_card,0,0,1
732,37,month-to-month,41.7,1470.27,4,credit_card,0,1,0
733,45,month-to-month,77.57,3457.96,0,credit_card,0,0,0
734,23,two-year,67.8,1432.95,2,credit_card,1,0,0
735,32,two-year,61.34,1840.57,4,credit_card,0,1,0
736,38,one-year,76.63,2803.58,0,credit_card,0,1,0
737,29,month-to-month,55.04,1584.8,3,bank_transfer,1,0,0
738,52,two-year,93.32,4441.51,2,bank_transfer,0,0,0
739,69,month-to-month,102.11,6643.95,3,bank_transfer,0,0,1
740,37,month-to-month,60.45,2270.1,0,credit_card,1,0,1
741,59,month-to-month,70.74,4047.02,1,electronic_check,0,0,0
742,1,two-year,51.84,53.96,5,credit_card,1,0,0
743,37,month-to-month,67.59,2454.95,0,bank_transfer,0,1,0
744,1,month-to-month,78.48,77.04,3,credit_card,1,0,1
745,6,one-year,56.63,319.03,2,credit_card,0,0,0
746,2,two-year,46.04,94.55,1,credit_card,0,0,0
747,11,one-year,15,148.57,0,bank_transfer,1,0,0
748,33,one-year,39.65,1351.08,4,credit_card,0,0,0
749,1,two-year,91.75,85.57,4,bank_transfer,0,0,0
750,16,two-year,73.63,1139.43,2,electronic_check,0,1,0
751,11,two-year,114.69,1201.33,3,bank_transfer,1,0,1
752,35,month-to-month,117.96,4236.47,3,bank_transfer,0,0,0
753,30,month-to-month,112.29,3389.9,1,bank_transfer,0,0,1
754,39,one-year,86.25,3098.26,0,bank_transfer,0,0,0
755,54,one-year,97.09,5061.12,2,electronic_check,0,0,0
756,7,one-year,56.02,371.91,1,electronic_check,1,1,0
757,1,month-to-month,62.53,57.18,1,credit_card,0,0,0
758,5,month-to-month,57.36,266.06,0,bank_transfer,0,0,0
759,15,month-to-month,112.79,1701.65,0,bank_transfer,0,0,0
760,28,month-to-month,49.66,1448.32,2,electronic_check,0,0,0
761,31,month-to-month,91.3,2852.91,0,electronic_check,0,0,0
762,36,one-year,90.25,3102.78,2,credit_card,0,0,0
763,33,month-to-month,72.02,2171.7,0,bank_transfer,0,0,0
764,5,month-to-month,98.34,495.44,1,electronic_check,1,0,0
765,39,month-to-month,99.28,3971.05,1,electronic_check,0,1,0
766,46,month-to-month,42.92,1933.33,3,credit_card,0,1,0
767,31,two-year,79.89,2443.48,2,bank_transfer,0,0,0
768,1,month-to-month,88.07,87.36,2,electronic_check,0,0,0
769,21,one-year,101.27,2077.12,2,bank_transfer,0,0,1
770,16,two-year,82.61,1198.07,2,credit_card,1,0,0
771,40,month-to-month,89.82,3577.63,1,electronic_check,0,1,0
772,41,month-to-month,42.52,1738.71,1,credit_card,0,0,0
773,7,one-year,55.91,395.49,3,credit_card,0,0,0
774,47,two-year,90.27,4069.88,0,credit_card,1,0,0
775,52,two-year,70.66,3601.71,0,bank_transfer,0,0,0
776,29,two-year,15,397.6,2,bank_transfer,0,0,0
777,51,two-year,75.79,3929.12,0,bank_transfer,0,0,0
778,18,one-year,142.52,2550.21,0,credit_card,0,1,1
779,33,one-year,51.1,1568.35,2,credit_card,0,0,0
780,6,one-year,34.21,186.99,1,bank_transfer,0,0,0
781,15,month-to-month,99.83,1480.3,0,bank_transfer,0,1,0
782,37,month-to-month,81.53,2773.23,0,credit_card,1,1,0
783,41,one-year,66.73,2606.8,3,bank_transfer,0,0,0
784,34,two-year,107.07,3637.84,1,electronic_check,0,1,0
785,21,month-to-month,94.84,2081.62,1,bank_transfer,1,0,0
786,13,month-to-month,115.11,1436.38,1,credit_card,0,1,0
787,48,month-to-month,96.39,4446.98,2,bank_transfer,0,0,0
788,32,month-to-month,93.43,2784.39,1,credit_card,0,0,0
789,17,month-to-month,45.87,753.75,2,bank_transfer,0,0,1
790,1,two-year,78.62,75.16,3,credit_card,0,1,0
791,9,month-to-month,21.14,173.17,2,credit_card,0,0,1
792,52,one-year,15.36,823.14,1,bank_transfer,0,0,0
793,16,month-to-month,98.61,1648.41,0,bank_transfer,0,1,0
794,32,one-year,50.9,1474.07,2,bank_transfer,0,0,0
795,28,month-to-month,74.51,2080.51,4,bank_transfer,0,0,1
796,58,two-year,28.86,1552.84,0,credit_card,0,1,0
797,1,two-year,45.77,43.22,0,credit_card,0,1,0
798,57,one-year,49.26,2821.31,2,credit_card,0,0,0
799,30,month-to-month,38.93,1116.03,4,credit_card,0,0,1
800,48,one-year,80.22,4042.72,5,electronic_check,1,0,1
801,45,month-to-month,101.35,4336.97,2,bank_transfer,0,1,0
802,1,month-to-month,56.75,58.05,3,credit_card,0,0,1
803,23,month-to-month,54.32,1168.45,4,bank_transfer,0,0,1
804,1,month-to-month,86.82,78.25,0,electronic_check,0,1,0
805,17,month-to-month,100.63,1690.06,5,credit_card,0,0,0
806,24,one-year,67.33,1606.22,1,credit_card,0,0,0
807,1,month-to-month,21.09,21.66,0,credit_card,0,1,0
808,1,month-to-month,58.21,59.53,1,credit_card,0,0,0
809,34,month-to-month,52.08,1783.0,0,bank_transfer,0,0,0
810,9,month-to-month,77.3,692.96,4,bank_transfer,0,0,1
811,18,two-year,65.25,1142.12,1,electronic_check,0,0,0
812,18,month-to-month,69.94,1246.51,2,bank_transfer,0,0,0
813,47,month-to-month,72.73,3291.75,2,bank_transfer,0,0,0
814,19,one-year,47.13,925.78,0,electronic_check,0,1,0
815,10,month-to-month,111.54,1155.78,3,bank_transfer,0,1,1
816,33,one-year,26.04,891.46,2,bank_transfer,0,0,0
817,32,one-year,67.66,2050.84,4,bank_transfer,0,0,1
818,42,one-year,57.87,2453.8,2,bank_transfer,0,0,0
819,37,month-to-month,100.14,3551.61,0,bank_transfer,0,1,0
820,11,month-to-month,73.47,806.77,0,bank_transfer,0,0,1
821,29,one-year,69.23,2077.62,2,credit_card,0,1,0
822,53,two-year,64.81,3438.74,2,bank_transfer,0,0,0
823,17,one-year,99.06,1665.24,2,bank_transfer,0,1,0
824,30,two-year,90.08,2516.07,1,credit_card,0,0,0
825,31,month-to-month,109.95,3134.74,1,credit_card,0,0,0
826,17,month-to-month,34.7,534.18,3,electronic_check,0,0,1
827,29,month-to-month,62.15,1795.21,3,bank_transfer,0,0,1
828,14,month-to-month,87.28,1230.31,2,electronic_check,1,1,1
829,45,month-to-month,70.63,3177.62,2,bank_transfer,1,0,0
830,13,one-year,49.1,599.22,1,bank_transfer,0,1,0
831,22,month-to-month,58.03,1239.82,4,bank_transfer,0,0,0
832,23,one-year,97.6,2114.37,0,credit_card,0,0,0
833,9,month-to-month,61.87,515.93,0,bank_transfer,1,0,1
834,10,two-year,79.23,771.56,1,electronic_check,0,1,1
835,19,one-year,41.46,764.9,1,credit_card,0,1,0
836,19,one-year,26.87,487.34,1,bank_transfer,0,1,0
837,31,two-year,85.26,2427.5,1,credit_card,0,0,0
838,54,two-year,107.78,5762.63,4,bank_transfer,0,0,0
839,1,month-to-month,27.64,27.71,3,electronic_check,0,0,0
840,23,month-to-month,51.91,1213.39,2,credit_card,0,0,0
841,63,month-to-month,92.89,5891.89,2,bank_transfer,0,0,0
842,31,month-to-month,45.06,1381.67,3,credit_card,0,0,0
843,39,month-to-month,31.22,1231.52,2,bank_transfer,0,0,0
844,28,month-to-month,74.86,2019.14,1,bank_transfer,0,1,0
845,48,month-to-month,99.85,4466.57,4,credit_card,0,0,1
846,56,month-to-month,68.65,3937.83,1,bank_transfer,0,1,0
847,20,month-to-month,78.58,1636.22,3,bank_transfer,0,0,0
848,38,one-year,93.76,3700.66,5,credit_card,0,0,0
849,1,one-year,67.85,64.68,3,electronic_check,0,0,1
850,36,month-to-month,98.35,3269.79,1,electronic_check,0,0,0
851,27,month-to-month,99.5,2649.76,1,bank_transfer,0,1,1
852,12,month-to-month,55.58,621.32,1,credit_card,0,1,0
853,12,month-to-month,95.46,1161.55,3,bank_transfer,1,0,0
854,19,month-to-month,117.73,2322.23,2,electronic_check,0,1,0
855,12,month-to-month,15,185.44,2,electronic_check,0,0,0
856,42,month-to-month,69.85,2649.52,0,bank_transfer,1,1,0
857,1,month-to-month,104.58,95.85,1,credit_card,1,0,1
858,40,two-year,76.45,2862.89,5,bank_transfer,1,0,0
859,34,month-to-month,54.84,1907.84,2,credit_card,0,1,0
860,45,month-to-month,41.38,1751.2,5,bank_transfer,0,1,1
861,79,two-year,85.72,6507.08,3,bank_transfer,0,1,0
862,38,month-to-month,63.12,2255.39,2,credit_card,0,0,0
863,40,month-to-month,36.59,1439.48,0,bank_transfer,0,0,0
864,8,one-year,68.33,572.82,0,electronic_check,0,0,0
865,23,month-to-month,82.77,1989.46,1,credit_card,0,1,1
866,47,one-year,113.13,5114.09,0,bank_transfer,0,0,0
867,7,month-to-month,15,105.37,1,bank_transfer,0,0,0
868,27,two-year,42.14,1144.9,1,electronic_check,0,1,0
869,35,month-to-month,73.06,2667.24,0,bank_transfer,0,1,0
870,36,two-year,19.94,659.57,3,bank_transfer,0,1,0
871,36,month-to-month,77.05,2578.33,1,bank_transfer,0,0,0
872,33,month-to-month,82.86,2575.45,0,bank_transfer,0,0,0
873,24,one-year,102.68,2316.12,2,credit_card,0,0,0
874,42,one-year,84.11,3458.9,0,electronic_check,0,0,0
875,13,month-to-month,18.31,230.45,1,credit_card,0,0,1
876,17,one-year,107.63,1768.05,3,credit_card,0,1,0
877,30,two-year,74.86,2045.61,1,bank_transfer,0,0,1
878,16,month-to-month,25.68,419.72,0,bank_transfer,0,0,0
879,50,one-year,88.08,4048.46,3,bank_transfer,0,0,0
880,4,two-year,64.16,249.93,1,electronic_check,0,1,0
881,37,two-year,86.22,3252.91,1,electronic_check,0,0,0
882,7,one-year,50.68,366.28,1,bank_transfer,0,0,0
883,42,two-year,70.58,3057.7,5,electronic_check,1,1,0
884,23,month-to-month,93.21,2094.18,1,credit_card,0,0,1
885,44,two-year,69.36,2908.98,2,electronic_check,0,0,0
886,42,month-to-month,52.06,2124.53,1,electronic_check,0,0,0
887,47,month-to-month,65.26,2777.34,1,bank_transfer,0,0,1
888,1,two-year,73.18,66.57,4,credit_card,0,1,1
889,17,month-to-month,33.33,562.42,4,electronic_check,0,1,1
890,11,two-year,51.6,522.85,4,bank_transfer,0,0,1
891,1,month-to-month,92.38,86.44,3,credit_card,0,0,1
892,37,two-year,126.76,4429.0,4,bank_transfer,0,1,0
893,45,one-year,63.79,3002.61,1,credit_card,0,0,0
894,26,one-year,68.02,1669.65,3,electronic_check,0,1,1
895,47,two-year,62.34,2715.62,0,credit_card,0,1,0
896,22,one-year,69.5,1509.57,2,bank_transfer,0,1,0
897,20,two-year,38.99,742.95,1,bank_transfer,1,0,0
898,35,one-year,92.94,3354.28,3,electronic_check,0,0,1
899,23,one-year,40.41,878.0,0,bank_transfer,1,0,0
900,43,one-year,68.51,3056.91,2,bank_transfer,0,0,0
901,1,month-to-month,84.76,87.97,0,bank_transfer,0,0,1
902,9,one-year,68.22,633.17,1,credit_card,0,0,0
903,30,month-to-month,54.41,1592.2,3,electronic_check,0,0,0
904,1,month-to-month,138.67,132.32,4,credit_card,0,0,1
905,17,month-to-month,79.98,1335.78,1,credit_card,0,1,1
906,31,month-to-month,72.24,2276.2,2,bank_transfer,0,0,1
907,35,month-to-month,100.86,3340.0,0,electronic_check,0,0,0
908,1,one-year,20.98,21.92,4,credit_card,0,0,0
909,18,month-to-month,100.31,1773.51,1,electronic_check,1,1,1
910,21,one-year,102.71,2099.11,0,credit_card,0,1,0
911,10,month-to-month,66.92,680.39,0,bank_transfer,0,0,0
912,54,month-to-month,71.59,3862.5,0,electronic_check,0,0,0
913,1,one-year,77.33,79.34,3,bank_transfer,0,0,0
914,19,month-to-month,66.08,1297.83,0,credit_card,0,0,0
915,29,month-to-month,74.14,2249.22,0,bank_transfer,0,0,0
916,48,one-year,100.42,4387.74,4,credit_card,0,0,0
917,32,month-to-month,94.31,3063.14,0,bank_transfer,0,0,1
918,12,two-year,64.97,728.75,0,credit_card,0,0,0
919,41,two-year,24.56,1019.24,2,bank_transfer,0,0,0
920,14,month-to-month,81.28,1041.79,1,bank_transfer,0,0,1
921,18,two-year,50.61,947.58,3,credit_card,0,0,0
922,44,month-to-month,60.1,2581.4,4,bank_transfer,0,1,0
923,1,month-to-month,30.34,27.99,1,bank_transfer,1,1,1
924,50,two-year,64.18,2978.11,1,bank_transfer,0,0,0
925,42,month-to-month,112.13,4479.41,2,bank_transfer,0,0,0
926,14,two-year,83.23,1199.3,5,electronic_check,1,0,1
927,21,month-to-month,83.07,1687.89,0,electronic_check,0,1,0
928,39,one-year,82.66,3354.9,0,credit_card,0,0,0
929,22,month-to-month,68.34,1360.96,0,bank_transfer,1,0,0
930,27,month-to-month,60.94,1595.36,4,bank_transfer,0,1,0
931,27,two-year,88.7,2453.08,0,credit_card,1,1,0
932,37,month-to-month,95.31,3356.87,2,bank_transfer,0,0,1
933,23,month-to-month,50.47,1093.49,0,electronic_check,1,1,1
934,33,month-to-month,65.56,1996.65,0,credit_card,0,0,0
935,27,month-to-month,29.5,806.48,5,credit_card,1,1,1
936,33,month-to-month,85.87,2660.05,2,bank_transfer,0,0,0
937,23,month-to-month,69.0,1455.49,1,bank_transfer,0,0,0
938,38,month-to-month,59.09,2299.71,4,credit_card,0,0,1
939,1,one-year,78.46,78.83,1,bank_transfer,1,1,0
940,41,month-to-month,148.28,6367.69,2,bank_transfer,0,0,1
941,4,month-to-month,50.44,190.72,0,electronic_check,0,0,1
942,30,two-year,62.7,1850.1,0,credit_card,0,0,0
943,7,month-to-month,69.8,494.07,0,credit_card,1,0,1
944,44,month-to-month,71.82,3071.48,1,bank_transfer,0,1,0
945,7,month-to-month,94.92,669.94,1,bank_transfer,1,0,0
946,2,two-year,106.93,222.39,3,electronic_check,0,0,0
947,19,one-year,83.48,1603.51,1,credit_card,0,0,0
948,29,month-to-month,92.1,2546.3,0,credit_card,0,0,0
949,1,two-year,57.45,56.0,1,bank_transfer,0,1,0
950,28,month-to-month,61.4,1725.69,3,credit_card,0,1,1
951,20,two-year,67.32,1357.68,4,electronic_check,1,0,0
952,19,month-to-month,79.51,1392.17,5,credit_card,0,0,1
953,16,one-year,83.32,1383.71,2,credit_card,0,0,1
954,32,month-to-month,98.0,3173.68,0,electronic_check,0,1,0
955,36,one-year,40.87,1433.94,2,bank_transfer,1,0,0
956,50,one-year,95.14,4345.42,0,credit_card,0,1,0
957,40,month-to-month,136.62,5535.63,3,electronic_check,0,1,1
958,1,month-to-month,55.5,58.27,1,credit_card,0,0,0
959,11,month-to-month,81.58,931.12,3,electronic_check,1,0,1
960,33,month-to-month,35.87,1204.89,3,credit_card,0,0,0
961,21,month-to-month,75.24,1506.43,1,bank_transfer,0,1,0
962,19,two-year,18.35,332.66,2,electronic_check,0,0,0
963,31,month-to-month,74.17,2367.02,2,credit_card,0,0,0
964,13,month-to-month,52.81,681.85,2,credit_card,0,1,1
965,47,month-to-month,98.81,4597.35,0,credit_card,0,0,0
966,1,two-year,31.19,28.74,0,bank_transfer,1,0,0
967,31,month-to-month,95.32,2841.68,1,credit_card,0,1,0
968,41,two-year,84.37,3341.85,1,bank_transfer,0,1,0
969,18,month-to-month,80.72,1423.75,0,bank_transfer,0,0,0
970,13,month-to-month,72.62,904.09,0,credit_card,0,0,0
971,41,one-year,39.08,1543.52,0,bank_transfer,0,1,0
972,1,one-year,70.81,69.9,1,electronic_check,0,1,0
973,1,month-to-month,73.18,68.56,0,bank_transfer,1,0,0
974,42,one-year,120.43,4735.91,2,credit_card,0,0,0
975,52,two-year,78.61,3808.5,4,bank_transfer,0,0,0
976,18,month-to-month,72.78,1289.57,3,credit_card,0,1,1
977,34,month-to-month,72.46,2481.57,2,bank_transfer,1,0,0
978,16,month-to-month,93.73,1480.23,2,credit_card,0,0,0
979,1,month-to-month,70.87,74.19,0,electronic_check,1,1,0
980,3,one-year,47.11,142.74,2,electronic_check,0,0,0
981,26,month-to-month,90.28,2136.09,1,credit_card,0,0,1
982,30,month-to-month,91.38,2521.31,0,bank_transfer,0,0,1
983,1,month-to-month,78.68,75.55,0,electronic_check,0,0,0
984,26,month-to-month,110.14,2970.83,4,bank_transfer,1,0,1
985,25,one-year,47.98,1090.58,0,bank_transfer,0,0,1
986,19,month-to-month,80.87,1490.84,2,bank_transfer,0,1,0
987,55,month-to-month,79.72,3990.99,1,electronic_check,0,0,1
988,37,month-to-month,58.2,1987.33,4,bank_transfer,0,0,0
989,1,month-to-month,64.02,62.74,4,bank_transfer,0,0,1
990,6,two-year,123.55,758.52,4,credit_card,0,0,1
991,8,month-to-month,106.2,851.82,0,bank_transfer,0,0,0
992,1,month-to-month,56.6,55.48,0,credit_card,0,0,0
993,9,month-to-month,120.63,1132.16,2,credit_card,0,0,1
994,36,month-to-month,76.53,2747.82,2,credit_card,0,1,0
995,31,month-to-month,81.81,2438.21,2,bank_transfer,0,1,1
996,1,one-year,46.62,42.51,2,electronic_check,0,1,0
997,14,month-to-month,52.95,756.7,0,bank_transfer,0,1,0
998,23,one-year,74.07,1597.46,0,credit_card,0,0,0
999,18,month-to-month,93.17,1672.99,4,bank_transfer,0,0,0
1000,49,month-to-month,114.25,5484.64,5,credit_card,1,1,0
1001,32,one-year,39.62,1296.01,5,bank_transfer,0,0,0
1002,57,month-to-month,62.05,3283.38,1,electronic_check,0,1,0
1003,40,month-to-month,78.8,3175.53,3,credit_card,0,0,1
1004,23,month-to-month,49.59,1090.03,4,credit_card,0,0,1
1005,1,month-to-month,140.96,127.99,0,credit_card,1,0,0
1006,4,two-year,29.15,105.52,3,credit_card,0,0,0
1007,26,month-to-month,83.85,2253.46,0,credit_card,1,0,0
1008,36,month-to-month,55.08,1829.65,1,electronic_check,0,0,0
1009,1,two-year,33.18,32.97,0,credit_card,0,0,0
1010,30,month-to-month,79.06,2185.4,1,electronic_check,0,0,1
1011,40,month-to-month,81.76,3105.13,4,credit_card,0,0,1
1012,16,one-year,54.8,845.88,2,bank_transfer,0,0,0
1013,23,month-to-month,66.71,1574.41,3,credit_card,0,0,1
1014,54,month-to-month,132.45,6440.17,1,electronic_check,0,1,1
1015,23,month-to-month,83.32,1768.27,0,bank_transfer,1,0,0
1016,46,month-to-month,58.98,2779.62,4,credit_card,0,1,0
1017,15,one-year,41.32,645.4,0,credit_card,1,0,0
1018,41,month-to-month,55.55,2176.75,2,credit_card,0,1,1
1019,1,two-year,82.48,81.28,0,credit_card,0,0,0
1020,6,two-year,59.39,333.82,0,bank_transfer,0,0,1
1021,6,month-to-month,116.32,727.72,1,bank_transfer,0,1,0
1022,14,month-to-month,89.24,1164.28,1,credit_card,0,0,0
1023,23,month-to-month,77.53,1649.91,3,bank_transfer,0,0,0
1024,19,month-to-month,112.34,1951.93,4,bank_transfer,0,0,0
1025,27,month-to-month,37.62,1026.0,1,credit_card,0,0,0
1026,32,month-to-month,81.65,2618.8,2,electronic_check,1,0,0
1027,1,one-year,108.79,111.48,3,electronic_check,0,0,0
1028,66,month-to-month,26.16,1795.38,0,bank_transfer,1,0,0
1029,49,month-to-month,26.98,1190.16,3,credit_card,0,0,0
1030,29,one-year,76.14,2297.05,0,electronic_check,0,1,0
1031,23,one-year,92.59,2160.15,3,bank_transfer,0,0,0
1032,42,month-to-month,93.2,3926.77,3,credit_card,0,1,1
1033,44,one-year,87.63,3574.85,3,credit_card,0,0,0
1034,5,one-year,97.5,439.59,2,bank_transfer,0,0,0
1035,41,two-year,49.74,2015.42,3,electronic_check,0,0,1
1036,65,month-to-month,46.92,3009.48,0,credit_card,0,0,1
1037,26,month-to-month,117.45,2953.03,3,electronic_check,0,0,1
1038,38,one-year,78.59,3028.7,1,electronic_check,0,0,0
1039,1,month-to-month,17.85,17.71,1,electronic_check,0,0,1
1040,66,month-to-month,58.81,4023.87,3,electronic_check,0,0,1
1041,18,month-to-month,96.94,1702.92,2,credit_card,0,0,0
1042,3,month-to-month,81.5,254.04,2,bank_transfer,0,0,1
1043,1,month-to-month,67.84,69.85,0,electronic_check,0,1,0
1044,12,month-to-month,86.03,998.17,1,credit_card,0,1,1
1045,1,month-to-month,32.26,31.88,2,credit_card,0,1,0
1046,19,month-to-month,80.48,1414.5,2,credit_card,0,0,0
1047,15,one-year,132.68,1829.06,1,bank_transfer,0,0,0
1048,41,month-to-month,76.68,2973.42,5,electronic_check,0,0,1
1049,22,month-to-month,76.23,1596.75,1,credit_card,0,1,0
1050,38,two-year,121.39,4581.06,4,credit_card,0,0,1
1051,35,month-to-month,91.75,3283.2,1,bank_transfer,0,0,1
1052,7,two-year,52.62,366.72,0,credit_card,0,1,0
1053,1,month-to-month,99.88,97.01,2,credit_card,0,0,1
1054,1,month-to-month,75.72,73.66,1,credit_card,0,0,0
1055,20,one-year,30.22,615.11,0,electronic_check,0,0,0
1056,17,one-year,55.71,864.73,0,bank_transfer,0,0,0
1057,23,month-to-month,49.82,1174.38,1,bank_transfer,0,0,0
1058,2,month-to-month,74.11,147.8,1,credit_card,0,1,0
1059,40,month-to-month,72.57,2670.87,1,credit_card,0,1,1
1060,32,month-to-month,79.34,2304.75,4,credit_card,0,1,1
1061,1,month-to-month,98.22,96.49,2,bank_transfer,0,1,0
1062,11,month-to-month,61.61,654.89,0,credit_card,0,0,0
1063,33,one-year,75.52,2361.72,1,credit_card,1,1,0
1064,13,one-year,78.12,1060.88,1,bank_transfer,1,1,0
1065,3,one-year,70.24,208.39,3,credit_card,0,0,0
1066,38,one-year,113.95,3965.55,5,bank_transfer,1,0,0
1067,53,two-year,72.46,3530.26,0,bank_transfer,0,0,0
1068,51,one-year,139.64,7416.39,1,bank_transfer,0,0,0
1069,5,month-to-month,71.61,345.99,1,credit_card,0,0,0
1070,28,month-to-month,58.07,1684.39,1,credit_card,0,0,0
1071,64,month-to-month,56.02,3588.52,1,electronic_check,0,0,0
1072,39,two-year,15,527.07,0,electronic_check,0,0,0
1073,25,month-to-month,39.03,982.85,2,bank_transfer,1,0,0
1074,39,one-year,100.82,3653.64,5,bank_transfer,1,0,0
1075,26,one-year,102.45,2476.69,2,electronic_check,0,0,0
1076,42,one-year,93.65,3654.48,0,bank_transfer,0,0,0
1077,15,one-year,46.83,687.72,3,credit_card,0,0,0
1078,28,two-year,97.72,2714.67,2,bank_transfer,0,0,0
1079,1,two-year,101.23,91.65,1,electronic_check,0,0,0
1080,47,month-to-month,50.22,2385.3,0,electronic_check,0,0,0
1081,1,one-year,63.89,63.34,2,electronic_check,0,1,0
1082,26,one-year,96.74,2471.05,4,bank_transfer,0,1,0
1083,71,month-to-month,130.35,9145.51,0,electronic_check,0,0,0
1084,31,one-year,81.44,2318.05,5,credit_card,0,0,0
1085,18,two-year,53.8,953.85,2,credit_card,0,1,0
1086,19,two-year,107.9,2070.21,0,bank_transfer,0,0,0
1087,9,month-to-month,71.24,662.99,4,bank_transfer,1,1,1
1088,26,month-to-month,62.38,1475.85,3,credit_card,0,0,1
1089,21,two-year,91.12,1931.49,2,credit_card,0,1,0
1090,7,one-year,79.33,516.4,1,bank_transfer,0,1,0
1091,47,one-year,54.84,2644.46,3,bank_transfer,0,0,0
1092,57,month-to-month,64.86,3432.6,1,bank_transfer,0,0,0
1093,1,month-to-month,77.54,78.7,2,electronic_check,0,1,1
1094,1,month-to-month,63.62,62.81,1,bank_transfer,0,0,1
1095,1,month-to-month,68.49,64.71,1,electronic_check,0,0,1
1096,50,month-to-month,83.81,3900.87,1,electronic_check,0,1,0
1097,1,one-year,58.82,56.05,2,bank_transfer,0,1,0
1098,49,month-to-month,95.08,4658.63,3,bank_transfer,0,0,0
1099,26,one-year,60.28,1444.72,1,credit_card,1,0,0
1100,45,month-to-month,56.21,2277.95,0,credit_card,0,0,0
1101,26,two-year,85.8,2103.6,1,credit_card,1,1,0
1102,15,month-to-month,53.27,750.36,2,credit_card,0,1,0
1103,6,month-to-month,90.94,515.5,0,bank_transfer,0,0,0
1104,53,one-year,108.93,5830.81,2,electronic_check,0,0,0
1105,20,two-year,50.94,993.57,0,electronic_check,0,0,0
1106,1,two-year,80.6,83.78,2,electronic_check,1,1,0
1107,31,month-to-month,86.86,2651.27,1,bank_transfer,0,0,0
1108,32,month-to-month,77.11,2473.72,0,electronic_check,0,1,0
1109,19,month-to-month,57.32,1132.05,2,bank_transfer,0,0,0
1110,43,two-year,63.69,2821.42,0,bank_transfer,0,0,0
1111,46,month-to-month,84.58,3786.94,0,bank_transfer,0,0,0
1112,9,month-to-month,59.21,496.09,2,bank_transfer,0,0,0
1113,27,two-year,55.59,1357.69,5,credit_card,0,0,1
1114,8,one-year,49.8,376.65,2,bank_transfer,0,0,0
1115,21,month-to-month,65.15,1377.27,0,bank_transfer,1,0,0
1116,1,month-to-month,43.24,41.18,0,credit_card,0,0,0
1117,1,two-year,122.09,116.28,0,credit_card,0,0,0
1118,1,month-to-month,80.69,73.78,2,bank_transfer,0,1,1
1119,7,two-year,57.08,407.07,0,electronic_check,0,0,0
1120,13,two-year,40.15,500.99,5,bank_transfer,0,0,0
1121,12,two-year,32.0,357.24,0,credit_card,1,0,0
1122,16,month-to-month,155.88,2565.66,4,electronic_check,0,0,1
1123,60,month-to-month,61.88,3595.42,2,bank_transfer,0,0,0
1124,32,month-to-month,78.66,2556.48,5,credit_card,0,0,1
1125,27,two-year,48.28,1364.47,1,bank_transfer,0,0,0
1126,7,month-to-month,94.69,664.41,0,bank_transfer,1,0,1
1127,27,two-year,60.35,1700.36,0,electronic_check,1,0,0
1128,32,month-to-month,97.61,3059.29,0,electronic_check,0,0,0
1129,10,month-to-month,39.02,404.17,3,electronic_check,0,0,1
1130,19,month-to-month,58.01,1008.36,1,bank_transfer,0,0,0
1131,27,month-to-month,91.56,2431.65,1,bank_transfer,0,0,0
1132,40,month-to-month,48.45,2013.81,2,bank_transfer,0,1,0
1133,55,one-year,70.47,3892.95,5,electronic_check,0,0,0
1134,18,two-year,71.13,1192.84,0,electronic_check,0,0,0
1135,9,month-to-month,50.41,431.78,3,bank_transfer,0,0,1
1136,3,month-to-month,62.15,171.77,1,electronic_check,0,0,0
1137,8,month-to-month,77.78,591.59,0,bank_transfer,0,0,0
1138,4,month-to-month,42.09,161.61,3,electronic_check,0,1,1
1139,41,one-year,83.49,3225.16,1,electronic_check,0,0,0
1140,41,month-to-month,77.78,2927.12,2,credit_card,0,1,0
1141,56,month-to-month,55.52,3196.96,2,bank_transfer,0,0,0
1142,12,two-year,51.59,574.12,5,credit_card,0,1,0
1143,66,month-to-month,91.22,6116.12,4,bank_transfer,0,1,0
1144,41,two-year,49.59,1935.97,2,bank_transfer,0,0,0
1145,26,month-to-month,97.31,2495.32,2,credit_card,0,0,0
1146,22,one-year,122.58,2660.31,1,credit_card,0,1,0
1147,21,month-to-month,53.7,1134.86,0,electronic_check,1,1,0
1148,1,one-year,50.94,53.35,4,electronic_check,0,1,1
1149,25,one-year,50.79,1251.61,1,electronic_check,0,0,0
1150,26,one-year,60.79,1612.81,3,credit_card,0,0,1
1151,25,two-year,77.86,1815.68,1,bank_transfer,0,0,0
1152,24,month-to-month,100.23,2476.49,1,credit_card,0,1,0
1153,21,one-year,86.64,1890.93,4,bank_transfer,0,0,0
1154,40,one-year,45.3,1691.44,1,bank_transfer,0,0,0
1155,16,two-year,77.79,1158.84,0,credit_card,0,0,0
1156,24,two-year,89.53,2073.35,1,electronic_check,0,0,0
1157,38,two-year,147.05,5528.97,5,credit_card,0,0,0
1158,3,one-year,71.93,210.65,0,bank_transfer,0,1,0
1159,19,two-year,53.42,943.08,2,electronic_check,0,1,1
1160,1,month-to-month,67.62,61.67,5,credit_card,1,0,0
1161,14,month-to-month,36.07,481.63,0,credit_card,0,0,1
1162,31,two-year,37.72,1082.53,1,credit_card,0,1,0
1163,38,two-year,111.07,3912.45,4,credit_card,0,0,0
1164,1,month-to-month,40.31,37.43,3,bank_transfer,0,0,0
1165,1,month-to-month,28.27,27.21,0,credit_card,1,0,0
1166,20,one-year,73.79,1347.85,3,credit_card,0,1,0
1167,1,month-to-month,83.36,78.11,3,credit_card,0,0,1
1168,33,one-year,113.1,3572.0,1,credit_card,0,1,0
1169,17,month-to-month,72.68,1282.58,0,bank_transfer,1,0,0
1170,32,month-to-month,36.9,1192.11,0,bank_transfer,1,1,0
1171,18,two-year,108.77,1853.6,0,credit_card,0,0,0
1172,44,month-to-month,82.54,3413.92,4,electronic_check,0,0,0
1173,29,two-year,37.49,1031.87,4,bank_transfer,0,0,0
1174,12,month-to-month,69.96,797.85,2,bank_transfer,0,0,1
1175,4,one-year,63.6,244.85,3,credit_card,1,0,0
1176,52,two-year,46.59,2497.73,2,electronic_check,0,0,1
1177,34,one-year,15.7,495.79,1,bank_transfer,1,0,0
1178,33,month-to-month,68.87,2304.14,1,bank_transfer,1,0,1
1179,38,two-year,112.36,3977.02,1,bank_transfer,1,0,0
1180,19,month-to-month,81.35,1505.18,0,bank_transfer,0,0,1
1181,31,two-year,46.8,1416.44,4,credit_card,0,0,0
1182,37,month-to-month,42.26,1478.04,0,bank_transfer,0,0,0
1183,1,two-year,86.85,85.0,5,bank_transfer,0,0,0
1184,49,month-to-month,54.47,2743.25,1,bank_transfer,0,0,0
1185,19,one-year,61.18,1096.78,4,credit_card,0,0,0
1186,15,month-to-month,63.51,973.55,2,bank_transfer,0,0,1
1187,33,month-to-month,52.4,1708.02,2,bank_transfer,0,0,0
1188,34,month-to-month,61.17,2102.37,2,credit_card,1,1,0
1189,43,month-to-month,94.66,3938.27,5,bank_transfer,0,0,0
1190,28,month-to-month,78.29,2070.35,4,credit_card,0,0,0
1191,1,month-to-month,63.99,62.53,2,bank_transfer,0,0,0
1192,41,month-to-month,88.35,3485.69,2,credit_card,0,0,1
1193,22,month-to-month,62.36,1435.98,4,electronic_check,0,1,1
1194,22,one-year,76.47,1600.14,1,credit_card,0,0,0
1195,48,two-year,53.67,2656.51,0,credit_card,0,0,0
1196,14,one-year,95.37,1208.84,5,bank_transfer,0,0,1
1197,1,two-year,73.78,70.12,3,electronic_check,1,0,0
1198,26,month-to-month,69.16,1868.48,2,bank_transfer,0,0,1
1199,22,month-to-month,77.91,1748.21,0,electronic_check,1,0,0
1200,41,month-to-month,79.86,2957.67,2,bank_transfer,1,0,1
1201,50,month-to-month,75.67,3464.93,0,credit_card,0,1,0
1202,1,two-year,91.45,83.29,2,credit_card,0,0,0
1203,30,month-to-month,54.15,1675.09,2,credit_card,0,0,0
1204,1,one-year,63.93,63.19,0,credit_card,0,1,0
1205,18,one-year,15,267.74,0,bank_transfer,0,0,1
1206,36,month-to-month,93.79,3145.21,3,bank_transfer,1,0,0
1207,20,one-year,100.15,2096.94,2,bank_transfer,0,0,0
1208,45,month-to-month,82.55,3546.31,0,electronic_check,0,0,0
1209,1,month-to-month,45.69,41.98,1,electronic_check,0,0,1
1210,29,month-to-month,43.8,1264.54,3,credit_card,0,1,0
1211,37,month-to-month,46.5,1624.03,1,bank_transfer,0,0,0
1212,39,month-to-month,48.57,1708.9,2,bank_transfer,0,1,0
1213,34,month-to-month,82.13,2919.91,2,credit_card,0,0,0
1214,34,two-year,29.09,927.87,4,credit_card,0,1,0
1215,66,month-to-month,73.44,5038.79,2,bank_transfer,0,0,1
1216,12,one-year,47.28,578.9,1,bank_transfer,0,1,0
1217,16,one-year,35.64,571.04,3,electronic_check,1,1,0
1218,1,month-to-month,40.47,40.58,1,credit_card,0,1,1
1219,45,month-to-month,56.92,2399.3,0,credit_card,0,0,0
1220,1,month-to-month,108.49,101.37,1,electronic_check,0,0,1
1221,43,month-to-month,46.06,1910.0,4,bank_transfer,1,0,0
1222,16,month-to-month,78.32,1308.75,0,bank_transfer,0,0,0
1223,22,one-year,40.47,849.57,3,electronic_check,0,0,1
1224,16,month-to-month,65.67,1025.77,3,electronic_check,0,0,0
1225,12,one-year,15.71,175.96,3,credit_card,0,0,1
1226,30,month-to-month,39.48,1233.93,3,credit_card,1,0,0
1227,30,one-year,118.22,3235.34,1,electronic_check,0,1,0
1228,34,one-year,66.78,2234.22,0,credit_card,0,1,0
1229,1,one-year,75.74,68.54,0,bank_transfer,0,0,1
1230,19,month-to-month,61.07,1196.2,0,bank_transfer,1,1,0
1231,36,one-year,34.83,1288.6,0,credit_card,0,1,0
1232,28,month-to-month,83.58,2450.73,2,bank_transfer,1,0,1
1233,27,month-to-month,73.34,1846.35,0,credit_card,0,1,0
1234,39,one-year,67.53,2724.31,2,credit_card,0,0,0
1235,15,month-to-month,87.75,1348.36,2,bank_transfer,0,1,0
1236,29,one-year,82.5,2417.53,0,electronic_check,0,0,0
1237,39,month-to-month,97.28,3417.5,1,bank_transfer,0,0,0
1238,31,month-to-month,15,432.38,5,credit_card,0,0,1
1239,15,one-year,48.18,700.26,2,electronic_check,0,1,0
1240,4,one-year,48.43,185.89,0,electronic_check,0,0,0
1241,34,month-to-month,49.41,1699.92,1,electronic_check,0,1,0
1242,29,two-year,74.79,2168.65,4,credit_card,0,1,0
1243,11,month-to-month,54.04,616.32,3,credit_card,0,1,0
1244,16,two-year,75.72,1240.77,5,bank_transfer,0,0,0
1245,8,month-to-month,86.44,702.28,1,electronic_check,0,0,1
1246,24,month-to-month,100.66,2306.94,3,bank_transfer,0,1,0
1247,57,two-year,68.62,3615.95,3,electronic_check,0,1,0
1248,18,month-to-month,84.34,1566.06,1,bank_transfer,1,0,0
1249,46,two-year,92.54,4098.26,2,electronic_check,0,1,0
1250,1,month-to-month,47.59,44.99,3,bank_transfer,0,0,1
1251,28,month-to-month,87.06,2436.76,0,bank_transfer,0,1,0
1252,1,month-to-month,19.64,20.44,2,credit_card,0,0,1
1253,36,month-to-month,100.53,3582.49,2,credit_card,0,0,0
1254,44,month-to-month,84.81,3418.61,1,credit_card,0,0,0
1255,14,month-to-month,63.19,898.41,2,electronic_check,0,1,0
1256,27,month-to-month,98.1,2715.33,4,credit_card,0,1,0
1257,45,month-to-month,74.29,3478.14,0,bank_transfer,0,0,0
1258,7,two-year,74.71,495.56,1,credit_card,0,0,0
1259,1,one-year,69.51,65.33,2,credit_card,0,1,0
1260,21,two-year,99.47,2168.63,1,electronic_check,1,1,0
1261,34,two-year,74.27,2443.73,1,credit_card,0,1,0
1262,38,month-to-month,92.42,3452.42,1,electronic_check,1,0,0
1263,29,one-year,88.6,2409.45,4,bank_transfer,0,0,0
1264,38,month-to-month,82.99,3193.56,3,credit_card,1,0,0
1265,29,two-year,38.15,996.7,2,bank_transfer,0,0,0
1266,2,month-to-month,108.52,226.62,1,bank_transfer,0,0,1
1267,11,month-to-month,49.06,530.93,1,credit_card,0,0,0
1268,19,month-to-month,94.0,1860.9,1,bank_transfer,0,1,0
1269,1,month-to-month,51.38,48.02,0,credit_card,0,0,0
1270,22,two-year,50.11,1151.83,3,bank_transfer,0,0,0
1271,20,month-to-month,78.84,1457.13,2,bank_transfer,0,0,0
1272,49,one-year,23.88,1221.74,1,bank_transfer,0,1,0
1273,53,two-year,67.0,3569.68,4,bank_transfer,0,1,0
1274,5,two-year,86.93,422.16,1,electronic_check,0,0,0
1275,4,month-to-month,53.15,202.48,3,bank_transfer,1,0,1
1276,12,two-year,37.34,454.55,0,electronic_check,0,0,0
1277,31,one-year,72.47,2212.4,4,credit_card,0,1,0
1278,53,two-year,61.89,2958.7,0,bank_transfer,1,1,0
1279,9,month-to-month,38.3,315.78,1,credit_card,0,0,0
1280,17,month-to-month,80.82,1315.38,0,credit_card,0,0,1
1281,33,month-to-month,42.66,1414.89,1,electronic_check,0,0,0
1282,42,month-to-month,48.46,2118.7,1,credit_card,0,0,0
1283,20,month-to-month,76.71,1545.91,0,bank_transfer,0,1,0
1284,32,two-year,74.34,2491.06,1,electronic_check,0,0,1
1285,29,two-year,114.29,3226.72,1,credit_card,0,0,1
1286,54,one-year,68.76,3758.59,0,credit_card,0,0,0
1287,31,one-year,67.99,1977.12,2,bank_transfer,0,0,0
1288,28,month-to-month,69.56,1830.48,2,electronic_check,0,0,0
1289,24,two-year,85.29,1902.48,2,bank_transfer,0,1,0
1290,14,month-to-month,80.0,1154.74,2,credit_card,0,0,0
1291,1,month-to-month,43.42,39.39,0,bank_transfer,0,1,0
1292,31,month-to-month,49.71,1615.16,0,credit_card,0,0,0
1293,34,one-year,60.03,2036.4,2,credit_card,0,0,0
1294,21,two-year,74.77,1613.93,0,bank_transfer,1,0,0
1295,51,one-year,53.43,2455.01,5,credit_card,0,0,0
1296,1,month-to-month,74.98,74.05,2,bank_transfer,0,0,1
1297,46,month-to-month,40.12,1756.96,3,bank_transfer,0,1,1
1298,26,month-to-month,88.31,2095.85,2,bank_transfer,0,0,0
1299,18,two-year,47.98,849.22,5,bank_transfer,0,0,1
1300,28,month-to-month,88.51,2369.24,1,electronic_check,0,1,1
1301,47,two-year,77.71,3555.24,0,credit_card,1,0,0
1302,15,month-to-month,82.58,1226.54,2,credit_card,0,0,0
1303,34,two-year,31.8,1103.17,3,credit_card,0,0,0
1304,16,month-to-month,85.9,1415.35,1,electronic_check,0,0,1
1305,36,month-to-month,74.24,2762.15,0,bank_transfer,0,0,0
1306,8,one-year,51.49,432.02,0,electronic_check,1,0,0
1307,1,month-to-month,102.99,102.69,2,credit_card,0,0,1
1308,12,two-year,81.25,1020.94,3,electronic_check,0,1,0
1309,20,month-to-month,41.95,863.75,0,bank_transfer,0,0,0
1310,28,month-to-month,36.04,1046.44,4,credit_card,0,0,0
1311,1,month-to-month,88.4,90.83,3,bank_transfer,0,1,1
1312,19,month-to-month,71.63,1319.45,2,bank_transfer,0,0,0
1313,25,month-to-month,139.26,3165.77,1,credit_card,0,1,0
1314,49,month-to-month,63.9,2965.7,2,credit_card,0,1,0
1315,16,month-to-month,86.77,1364.05,2,credit_card,1,0,0
1316,49,month-to-month,62.19,2943.87,2,bank_transfer,0,0,0
1317,1,month-to-month,62.78,56.64,0,credit_card,0,1,0
1318,20,one-year,50.15,915.01,1,bank_transfer,0,0,0
1319,30,two-year,167.36,5147.58,2,credit_card,0,0,0
1320,1,month-to-month,104.23,96.81,3,bank_transfer,0,1,1
1321,64,month-to-month,54.15,3227.55,3,electronic_check,0,0,0
1322,45,two-year,21.97,972.57,5,bank_transfer,0,0,1
1323,52,one-year,67.36,3297.62,0,bank_transfer,0,0,0
1324,21,month-to-month,79.67,1583.2,2,bank_transfer,0,0,0
1325,20,month-to-month,87.48,1650.5,0,credit_card,1,0,0
1326,63,month-to-month,76.72,4658.16,1,electronic_check,1,0,0
1327,1,month-to-month,41.35,40.25,0,electronic_check,0,0,0
1328,9,one-year,49.37,450.93,0,bank_transfer,0,0,0
1329,39,month-to-month,98.89,4031.34,4,electronic_check,0,0,0
1330,14,month-to-month,98.02,1398.89,0,bank_transfer,0,0,0
1331,1,two-year,31.39,32.09,1,bank_transfer,0,0,0
1332,35,month-to-month,20.15,654.27,2,credit_card,1,0,0
1333,24,one-year,88.38,2080.53,1,electronic_check,0,0,0
1334,34,two-year,79.57,2801.01,2,credit_card,0,1,0
1335,23,month-to-month,36.13,860.7,2,bank_transfer,0,1,0
1336,6,one-year,89.89,501.91,0,credit_card,0,0,0
1337,16,month-to-month,99.32,1597.04,0,credit_card,0,0,1
1338,9,month-to-month,109.62,937.36,0,credit_card,0,0,1
1339,37,month-to-month,86.44,3114.35,0,credit_card,0,0,0
1340,16,month-to-month,107.87,1600.43,2,credit_card,0,0,0
1341,12,one-year,97.7,1158.97,1,credit_card,1,0,0
1342,40,one-year,93.72,3431.41,3,bank_transfer,1,1,0
1343,8,month-to-month,61.91,483.39,0,credit_card,0,0,1
1344,23,one-year,85.18,1838.96,2,bank_transfer,0,0,0
1345,1,one-year,30.82,32.12,2,credit_card,0,1,0
1346,11,month-to-month,73.59,787.13,5,credit_card,0,1,0
1347,38,month-to-month,117.96,4322.2,0,credit_card,0,1,0
1348,58,two-year,52.47,3058.55,0,bank_transfer,1,0,0
1349,19,one-year,98.04,1770.9,0,electronic_check,0,0,0
1350,16,one-year,83.95,1339.53,2,electronic_check,0,0,1
1351,15,month-to-month,85.46,1168.41,2,electronic_check,0,0,1
1352,3,month-to-month,38.35,116.39,1,credit_card,0,1,0
1353,49,month-to-month,15,742.07,0,electronic_check,1,0,0
1354,29,two-year,65.92,1771.78,1,credit_card,0,1,0
1355,18,one-year,74.68,1274.38,1,bank_transfer,0,0,1
1356,45,month-to-month,65.1,2920.51,0,electronic_check,1,1,0
1357,1,two-year,92.87,86.28,0,credit_card,0,0,0
1358,14,one-year,88.39,1163.05,1,bank_transfer,0,1,0
1359,30,month-to-month,101.25,2851.98,4,credit_card,0,0,0
1360,1,month-to-month,33.37,30.51,1,credit_card,1,0,0
1361,30,month-to-month,15,470.86,1,credit_card,0,1,0
1362,1,two-year,136.39,141.42,2,electronic_check,0,0,1
1363,25,two-year,118.98,3000.48,0,credit_card,1,1,0
1364,48,month-to-month,50.91,2335.0,1,credit_card,0,0,0
1365,14,month-to-month,70.55,909.53,3,credit_card,0,0,1
1366,47,one-year,61.25,2746.86,2,electronic_check,1,1,0
1367,38,one-year,49.58,1735.76,1,credit_card,0,1,0
1368,16,month-to-month,71.31,1033.89,2,electronic_check,0,1,0
1369,18,two-year,77.88,1268.99,0,credit_card,0,0,0
1370,24,two-year,15,337.41,0,credit_card,0,1,0
1371,18,two-year,90.65,1478.44,0,credit_card,0,0,0
1372,1,month-to-month,59.98,62.88,1,credit_card,0,0,0
1373,27,two-year,29.5,813.82,2,bank_transfer,0,0,0
1374,56,two-year,69.99,4092.59,3,credit_card,0,1,0
1375,46,one-year,129.75,5433.62,0,credit_card,0,0,0
1376,36,one-year,48.57,1649.18,1,credit_card,0,1,0
1377,5,one-year,29.74,155.8,1,credit_card,1,0,0
1378,27,month-to-month,65.03,1582.6,0,electronic_check,0,0,0
1379,22,one-year,63.55,1377.05,1,credit_card,0,0,0
1380,50,month-to-month,104.89,5284.85,2,bank_transfer,1,0,0
1381,32,two-year,95.41,2899.76,2,bank_transfer,0,0,0
1382,30,month-to-month,157.58,4649.05,1,bank_transfer,0,0,1
1383,1,month-to-month,77.26,75.17,3,bank_transfer,0,0,0
1384,38,month-to-month,66.55,2469.97,0,electronic_check,0,1,0
1385,5,month-to-month,97.26,490.19,1,credit_card,0,1,1
1386,1,month-to-month,115.09,118.64,1,bank_transfer,1,0,1
1387,60,one-year,51.45,3065.53,2,credit_card,0,0,0
1388,1,month-to-month,92.39,94.85,0,credit_card,0,0,1
1389,40,one-year,96.81,3775.2,5,bank_transfer,0,0,0
1390,12,one-year,57.79,681.26,1,electronic_check,0,1,0
1391,48,month-to-month,86.72,4055.6,3,electronic_check,0,1,1
1392,1,month-to-month,125.39,129.05,2,credit_card,1,0,0
1393,34,two-year,122.4,4216.09,5,bank_transfer,0,0,0
1394,1,month-to-month,72.66,65.51,2,bank_transfer,0,1,0
1395,32,one-year,80.26,2527.39,0,credit_card,0,0,0
1396,37,one-year,81.28,3142.62,3,electronic_check,1,0,0
1397,1,month-to-month,106.68,107.83,2,electronic_check,1,0,1
1398,21,one-year,64.46,1364.22,3,bank_transfer,0,0,0
1399,48,month-to-month,15,750.95,1,credit_card,1,1,1
1400,4,two-year,66.82,273.14,3,electronic_check,0,1,0
1401,32,two-year,32.61,1063.22,1,credit_card,0,0,0
1402,44,month-to-month,23.69,965.57,2,bank_transfer,0,1,0
1403,1,one-year,43.34,43.87,0,bank_transfer,0,1,0
1404,10,two-year,70.19,705.25,1,bank_transfer,0,1,0
1405,22,two-year,76.32,1586.02,2,credit_card,0,0,0
1406,21,month-to-month,88.04,1781.76,1,bank_transfer,0,1,1
1407,41,month-to-month,68.52,2665.85,0,credit_card,0,1,0
1408,25,two-year,65.07,1641.74,0,bank_transfer,0,0,0
1409,18,month-to-month,86.57,1618.87,3,credit_card,0,0,1
1410,27,one-year,72.28,1988.21,1,bank_transfer,0,1,0
1411,5,one-year,87.05,419.13,2,bank_transfer,1,0,0
1412,32,month-to-month,115.31,3345.07,2,bank_transfer,0,0,0
1413,30,month-to-month,81.43,2428.48,0,electronic_check,0,0,0
1414,20,month-to-month,93.18,1825.63,2,bank_transfer,0,0,1
1415,43,month-to-month,79.98,3191.89,0,bank_transfer,0,0,0
1416,32,month-to-month,87.86,2746.12,2,bank_transfer,0,0,0
1417,41,one-year,88.38,3303.38,2,bank_transfer,1,1,0
1418,20,month-to-month,47.36,982.94,1,credit_card,0,0,0
1419,1,two-year,86.69,79.05,1,bank_transfer,0,0,0
1420,32,month-to-month,135.11,4539.55,0,credit_card,0,0,0
1421,23,one-year,111.46,2558.1,2,credit_card,0,0,1
1422,40,one-year,71.64,2945.7,2,credit_card,0,0,0
1423,11,one-year,69.13,733.41,3,electronic_check,0,0,0
1424,51,month-to-month,82.7,4180.89,1,bank_transfer,0,1,0
1425,13,month-to-month,98.8,1308.13,0,credit_card,0,0,0
1426,66,one-year,65.52,4284.47,1,bank_transfer,0,1,0
1427,20,one-year,98.09,1905.62,3,electronic_check,0,1,0
1428,35,month-to-month,62.01,2026.28,0,credit_card,0,0,0
1429,30,month-to-month,39.51,1082.88,4,credit_card,0,0,0
1430,38,two-year,84.02,2983.51,1,electronic_check,1,0,0
1431,28,one-year,45.26,1226.93,0,electronic_check,0,0,0
1432,1,one-year,74.22,71.02,2,credit_card,0,1,0
1433,4,one-year,31.27,114.13,2,credit_card,0,0,0
1434,29,month-to-month,58.88,1646.15,1,bank_transfer,0,1,0
1435,39,month-to-month,58.3,2298.24,0,bank_transfer,0,0,0
1436,20,two-year,97.02,1926.55,1,bank_transfer,0,0,0
1437,19,one-year,35.91,659.86,2,electronic_check,0,0,0
1438,8,month-to-month,15,117.42,1,electronic_check,0,0,0
1439,49,month-to-month,32.49,1566.98,3,electronic_check,0,0,0
1440,58,month-to-month,83.36,4404.93,0,bank_transfer,0,1,0
1441,44,two-year,34.76,1485.02,3,electronic_check,0,0,0
1442,18,month-to-month,108.61,2032.65,1,electronic_check,0,0,0
1443,20,two-year,77.63,1403.24,0,electronic_check,0,1,1
1444,17,month-to-month,69.05,1212.26,1,credit_card,1,0,0
1445,35,month-to-month,80.78,2766.43,5,credit_card,0,0,0
1446,1,one-year,75.65,73.87,0,electronic_check,0,0,0
1447,8,month-to-month,85.98,633.2,0,electronic_check,0,0,0
1448,41,two-year,66.4,2843.42,2,electronic_check,1,0,0
1449,53,month-to-month,66.85,3407.0,1,credit_card,0,0,0
1450,38,two-year,61.56,2232.58,0,electronic_check,0,0,0
1451,9,two-year,70.52,613.23,0,credit_card,0,1,0
1452,26,two-year,50.14,1242.85,3,credit_card,0,0,0
1453,22,month-to-month,71.42,1646.52,4,electronic_check,0,0,1
1454,15,month-to-month,69.48,988.69,1,credit_card,1,0,0
1455,1,one-year,37.2,37.61,2,electronic_check,0,1,0
1456,32,month-to-month,55.27,1619.72,2,electronic_check,0,0,1
1457,13,one-year,81.37,993.19,3,credit_card,0,1,0
1458,11,two-year,109.38,1236.3,0,credit_card,0,0,0
1459,19,month-to-month,85.55,1602.45,0,electronic_check,0,0,0
1460,1,two-year,84.44,77.41,2,credit_card,1,0,1
1461,11,two-year,57.28,608.62,1,bank_transfer,0,0,0
1462,1,month-to-month,81.42,83.96,0,credit_card,1,0,0
1463,50,month-to-month,54.17,2452.33,0,bank_transfer,0,0,0
1464,3,month-to-month,56.98,170.21,1,bank_transfer,1,0,0
1465,1,month-to-month,32.71,31.11,1,credit_card,0,1,0
1466,47,month-to-month,57.08,2735.32,0,credit_card,0,0,0
1467,23,two-year,99.55,2369.77,2,bank_transfer,0,0,0
1468,40,month-to-month,73.6,2988.91,0,bank_transfer,0,0,0
1469,1,two-year,66.64,62.07,2,credit_card,0,1,0
1470,53,one-year,77.97,4188.38,3,credit_card,0,1,0
1471,28,month-to-month,53.92,1421.3,0,electronic_check,0,1,0
1472,41,month-to-month,45.71,1840.77,2,bank_transfer,0,0,0
1473,37,two-year,94.77,3583.08,2,credit_card,0,0,0
1474,13,month-to-month,46.75,628.05,0,bank_transfer,1,1,0
1475,43,month-to-month,112.23,4408.35,0,electronic_check,0,1,0
1476,24,month-to-month,37.01,867.93,0,credit_card,0,0,1
1477,50,one-year,108.64,5374.25,0,credit_card,0,1,0
1478,34,month-to-month,100.98,3499.02,0,credit_card,1,0,0
1479,1,month-to-month,71.7,65.17,0,electronic_check,1,1,1
1480,33,month-to-month,57.41,1706.51,0,credit_card,0,0,0
1481,72,month-to-month,108.49,7554.82,5,bank_transfer,0,0,0
1482,23,two-year,65.27,1437.09,0,bank_transfer,0,0,0
1483,29,month-to-month,100.44,2721.9,0,credit_card,0,0,0
1484,48,one-year,67.05,3023.3,1,bank_transfer,0,1,0
1485,10,month-to-month,92.31,919.67,0,electronic_check,0,0,0
1486,19,one-year,41.07,731.45,0,bank_transfer,0,0,0
1487,38,one-year,61.26,2421.0,1,bank_transfer,0,0,0
1488,1,two-year,73.76,76.81,2,electronic_check,0,0,1
1489,20,month-to-month,38.42,763.73,1,credit_card,0,1,0
1490,26,one-year,70.72,1717.42,1,credit_card,0,0,0
1491,1,month-to-month,52.11,53.51,4,electronic_check,0,1,0
1492,27,one-year,62.38,1549.27,1,bank_transfer,0,1,0
1493,61,month-to-month,51.06,2917.02,4,bank_transfer,0,0,1
1494,27,one-year,40.98,1115.76,1,electronic_check,0,1,0
1495,46,two-year,31.94,1464.53,0,bank_transfer,0,0,0
1496,2,one-year,43.66,81.41,2,credit_card,0,1,1
1497,11,month-to-month,34.13,368.13,4,bank_transfer,1,1,0
1498,33,month-to-month,79.87,2750.84,4,electronic_check,0,0,0
1499,17,month-to-month,50.03,882.69,3,bank_transfer,0,0,1
1500,10,month-to-month,46.88,439.0,3,credit_card,0,0,1
1501,34,two-year,61.73,2029.78,2,credit_card,0,0,0
1502,8,two-year,93.99,701.28,0,credit_card,0,0,0
1503,44,one-year,34.97,1475.98,0,bank_transfer,1,0,0
1504,22,two-year,69.05,1553.72,5,electronic_check,0,1,0
1505,58,two-year,85.52,4886.26,1,credit_card,0,0,0
1506,13,one-year,77.78,987.67,0,credit_card,1,0,0
1507,35,month-to-month,15,518.99,1,bank_transfer,0,1,0
1508,40,month-to-month,92.59,3654.27,0,bank_transfer,0,1,0
1509,15,month-to-month,72.18,1021.74,2,bank_transfer,0,0,1
1510,64,month-to-month,41.81,2735.78,2,credit_card,0,1,0
1511,1,month-to-month,89.21,82.72,5,bank_transfer,0,0,1
1512,39,month-to-month,54.25,2017.5,1,electronic_check,0,0,0
1513,25,one-year,106.8,2719.51,0,bank_transfer,1,0,0
1514,22,one-year,112.49,2285.49,0,bank_transfer,0,0,0
1515,40,month-to-month,70.9,2661.02,1,credit_card,0,1,0
1516,1,two-year,69.38,63.59,0,electronic_check,0,0,0
1517,17,two-year,98.52,1737.0,4,electronic_check,1,0,1
1518,18,two-year,28.87,489.15,5,electronic_check,0,0,0
1519,1,month-to-month,37.17,36.58,0,electronic_check,0,0,1
1520,6,one-year,88.6,480.99,2,bank_transfer,0,0,1
1521,33,month-to-month,72.96,2284.57,1,bank_transfer,0,1,0
1522,49,month-to-month,56.86,2919.01,2,credit_card,0,0,0
1523,42,month-to-month,80.03,3160.13,4,bank_transfer,1,0,1
1524,14,two-year,59.31,783.13,4,credit_card,1,1,1
1525,45,month-to-month,64.9,2949.66,0,bank_transfer,0,0,1
1526,48,month-to-month,112.79,4975.97,2,bank_transfer,0,0,1
1527,29,two-year,78.12,2298.21,0,bank_transfer,0,0,0
1528,18,month-to-month,92.52,1547.47,3,credit_card,0,1,0
1529,1,two-year,99.19,95.9,2,credit_card,0,0,1
1530,7,month-to-month,48.03,315.62,0,electronic_check,0,0,0
1531,39,month-to-month,58.48,2144.3,2,credit_card,0,0,0
1532,1,month-to-month,102.24,93.91,2,bank_transfer,0,0,0
1533,50,one-year,88.34,4540.94,0,credit_card,0,0,1
1534,12,month-to-month,89.35,1006.13,1,credit_card,0,0,0
1535,6,month-to-month,29.34,181.45,0,electronic_check,0,0,0
1536,36,one-year,75.69,2703.26,1,bank_transfer,1,0,0
1537,19,one-year,45.18,842.06,2,bank_transfer,0,0,0
1538,65,month-to-month,95.43,6210.65,1,bank_transfer,0,1,0
1539,42,one-year,109.55,4663.13,1,credit_card,0,0,0
1540,47,month-to-month,86.29,3764.19,2,credit_card,1,0,0
1541,33,month-to-month,74.23,2345.47,0,credit_card,1,0,0
1542,32,month-to-month,63.99,1943.68,0,bank_transfer,1,0,0
1543,1,month-to-month,72.35,68.88,3,bank_transfer,0,1,0
1544,1,month-to-month,85.43,87.49,1,credit_card,0,1,1
1545,30,month-to-month,131.88,3924.19,0,credit_card,0,0,0
1546,1,month-to-month,69.27,68.94,1,bank_transfer,0,0,0
1547,33,one-year,89.72,2996.64,1,bank_transfer,0,0,0
1548,1,month-to-month,94.29,87.6,0,electronic_check,0,1,1
1549,29,one-year,78.05,2186.96,0,bank_transfer,1,1,0
1550,22,month-to-month,66.71,1359.22,1,electronic_check,0,0,0
1551,44,two-year,48.2,2130.38,1,electronic_check,0,1,0
1552,30,one-year,34.39,1006.4,0,credit_card,0,1,0
1553,46,month-to-month,83.85,3623.12,0,credit_card,0,0,0
1554,29,month-to-month,69.18,1955.95,1,electronic_check,0,0,0
1555,1,month-to-month,141.73,136.24,0,credit_card,1,0,0
1556,24,month-to-month,71.1,1586.67,4,electronic_check,1,0,1
1557,74,one-year,42.62,3229.19,1,bank_transfer,0,1,0
1558,21,one-year,67.25,1449.31,1,credit_card,0,0,0
1559,44,two-year,51.11,2120.88,1,electronic_check,0,0,0
1560,11,month-to-month,83.0,824.15,0,electronic_check,0,1,0
1561,32,month-to-month,52.48,1670.71,0,credit_card,0,0,0
1562,34,month-to-month,73.39,2424.28,0,electronic_check,0,1,0
1563,14,one-year,59.85,849.25,1,credit_card,0,0,0
1564,45,one-year,30.54,1311.53,0,electronic_check,0,0,0
1565,20,one-year,86.42,1676.29,3,credit_card,0,1,0
1566,28,one-year,18.16,488.41,0,bank_transfer,0,1,0
1567,35,one-year,66.86,2202.61,2,credit_card,0,1,0
1568,18,one-year,58.51,1017.89,0,bank_transfer,0,1,0
1569,43,one-year,58.11,2385.72,0,bank_transfer,0,1,0
1570,47,month-to-month,94.99,4543.42,0,bank_transfer,0,0,1
1571,59,one-year,67.14,3917.74,0,credit_card,1,1,0
1572,8,one-year,60.73,474.07,1,bank_transfer,0,1,0
1573,35,month-to-month,101.8,3583.5,1,electronic_check,0,0,1
1574,34,one-year,57.72,1859.47,0,credit_card,1,1,0
1575,24,two-year,93.93,2155.64,0,bank_transfer,0,0,0
1576,17,one-year,79.24,1391.71,3,bank_transfer,0,0,0
1577,38,month-to-month,59.12,2198.36,4,credit_card,1,0,0
1578,51,month-to-month,103.63,4913.8,0,bank_transfer,1,0,0
1579,11,one-year,89.32,942.19,2,bank_transfer,0,1,0
1580,39,month-to-month,126.65,5162.71,3,credit_card,0,0,0
1581,37,month-to-month,69.66,2628.45,1,credit_card,0,0,0
1582,48,two-year,111.89,5189.23,1,credit_card,0,0,0
1583,39,one-year,86.62,3226.8,0,bank_transfer,0,0,0
1584,38,one-year,87.46,3166.71,3,credit_card,1,0,0
1585,60,two-year,52.11,2986.23,1,credit_card,0,1,0
1586,29,month-to-month,46.07,1273.22,0,credit_card,0,0,0
1587,58,month-to-month,81.97,4638.4,3,credit_card,0,0,1
1588,8,one-year,15,116.14,2,bank_transfer,0,0,0
1589,23,month-to-month,86.69,2020.59,0,credit_card,0,1,0
1590,42,month-to-month,37.79,1499.48,2,credit_card,1,0,0
1591,45,month-to-month,67.58,2780.14,0,electronic_check,1,1,0
1592,8,one-year,35.76,273.91,1,electronic_check,0,0,0
1593,27,month-to-month,145.62,3620.43,0,electronic_check,1,1,1
1594,55,two-year,68.26,3881.13,1,bank_transfer,0,0,0
1595,1,month-to-month,15,14.09,0,bank_transfer,1,1,0
1596,8,month-to-month,59.02,478.6,1,electronic_check,0,1,1
1597,7,month-to-month,24.27,177.79,1,bank_transfer,0,0,0
1598,8,month-to-month,62.07,495.96,0,credit_card,0,1,0
1599,31,month-to-month,83.04,2476.29,2,electronic_check,0,0,1
1600,25,two-year,34.22,889.2,0,credit_card,0,0,0
1601,1,two-year,54.59,56.1,3,credit_card,0,0,0
1602,1,one-year,56.95,55.49,1,credit_card,1,0,0
1603,32,one-year,56.12,1697.58,1,credit_card,1,0,0
1604,29,month-to-month,99.96,2693.16,1,bank_transfer,0,0,0
1605,9,one-year,66.99,552.66,1,bank_transfer,0,1,0
1606,7,one-year,87.02,563.1,0,credit_card,0,0,1
1607,43,one-year,62.22,2753.83,1,credit_card,0,0,0
1608,44,month-to-month,52.61,2141.87,1,bank_transfer,0,0,0
1609,8,month-to-month,42.63,309.96,2,bank_transfer,0,0,0
1610,14,one-year,52.74,767.57,2,bank_transfer,1,0,0
1611,28,month-to-month,73.97,1872.01,3,credit_card,0,0,0
1612,21,month-to-month,58.79,1213.62,3,electronic_check,0,0,1
1613,1,month-to-month,56.47,58.56,0,electronic_check,0,0,1
1614,46,one-year,93.84,4240.21,4,electronic_check,0,1,0
1615,24,month-to-month,50.12,1237.04,5,electronic_check,0,1,0
1616,50,month-to-month,78.97,4128.49,0,credit_card,0,1,0
1617,6,month-to-month,72.49,414.67,5,bank_transfer,0,0,0
1618,22,one-year,70.84,1611.33,0,credit_card,0,1,0
1619,14,month-to-month,94.38,1348.35,1,bank_transfer,0,0,1
1620,33,month-to-month,66.17,2122.28,5,electronic_check,0,1,1
1621,53,one-year,68.29,3798.63,2,credit_card,0,0,0
1622,49,two-year,37.94,1813.94,4,bank_transfer,0,0,0
1623,53,month-to-month,44.23,2354.71,1,electronic_check,1,0,1
1624,20,month-to-month,80.98,1574.98,0,electronic_check,0,0,0
1625,27,month-to-month,55.94,1494.38,1,credit_card,0,1,1
1626,29,month-to-month,22.89,629.93,0,bank_transfer,0,0,0
1627,42,month-to-month,104.51,4204.46,3,electronic_check,0,1,0
1628,5,two-year,71.58,354.1,2,bank_transfer,0,1,0
1629,35,month-to-month,75.9,2391.5,2,credit_card,0,0,1
1630,33,one-year,128.84,4348.46,4,electronic_check,1,1,0
1631,22,two-year,76.61,1612.34,2,electronic_check,0,0,0
1632,20,two-year,97.08,2012.14,1,credit_card,0,1,0
1633,12,month-to-month,67.41,748.63,1,credit_card,0,1,0
1634,67,one-year,23.05,1416.17,1,credit_card,0,0,0
1635,30,one-year,47.44,1479.24,3,electronic_check,0,0,0
1636,10,month-to-month,62.92,618.24,1,credit_card,1,1,0
1637,2,one-year,80.43,167.42,0,bank_transfer,0,0,0
1638,18,month-to-month,86.17,1546.29,0,credit_card,1,1,0
1639,18,month-to-month,65.9,1118.69,3,bank_transfer,0,0,1
1640,54,two-year,77.83,3858.8,3,bank_transfer,1,0,0
1641,1,two-year,82.64,77.74,0,bank_transfer,0,1,0
1642,42,month-to-month,74.19,3185.32,0,credit_card,0,1,0
1643,29,month-to-month,16.75,474.66,1,credit_card,1,1,0
1644,45,month-to-month,82.24,3333.84,0,credit_card,0,0,0
1645,5,two-year,63.9,298.51,4,credit_card,0,1,0
1646,27,two-year,54.03,1464.38,0,bank_transfer,0,0,0
1647,8,two-year,103.3,759.65,1,credit_card,0,0,0
1648,44,month-to-month,46.45,1929.19,5,electronic_check,1,1,0
1649,35,two-year,37.25,1224.38,2,bank_transfer,0,0,0
1650,5,one-year,67.88,323.82,4,electronic_check,0,0,0
1651,1,month-to-month,69.27,70.51,2,credit_card,0,0,1
1652,6,one-year,34.18,202.23,3,credit_card,0,1,1
1653,9,month-to-month,40.35,365.9,0,credit_card,0,0,0
1654,24,month-to-month,61.46,1393.41,2,electronic_check,0,0,0
1655,9,month-to-month,141.86,1301.1,2,electronic_check,0,0,1
1656,30,two-year,93.98,2607.86,2,credit_card,0,1,0
1657,17,two-year,59.07,1001.36,0,credit_card,0,0,0
1658,47,two-year,34.53,1484.33,1,credit_card,0,1,0
1659,43,one-year,92.58,4031.02,1,electronic_check,0,0,0
1660,30,one-year,44.51,1383.8,1,bank_transfer,1,0,0
1661,18,month-to-month,69.06,1283.74,3,bank_transfer,0,0,0
1662,9,one-year,84.34,775.24,1,credit_card,0,0,0
1663,41,one-year,52.81,2241.31,1,bank_transfer,0,0,0
1664,1,one-year,72.77,71.21,3,credit_card,0,0,0
1665,32,month-to-month,78.83,2589.2,4,bank_transfer,1,0,0
1666,32,month-to-month,41.6,1265.91,3,electronic_check,0,0,1
1667,53,month-to-month,96.94,5334.52,1,credit_card,0,0,0
1668,14,two-year,58.73,847.78,2,electronic_check,1,1,0
1669,18,month-to-month,59.97,1036.8,2,credit_card,0,0,0
1670,45,two-year,48.97,1985.67,3,credit_card,0,0,0
1671,11,one-year,33.16,356.66,0,bank_transfer,1,0,0
1672,38,month-to-month,79.9,3177.52,2,bank_transfer,0,0,0
1673,31,month-to-month,62.07,1766.96,1,credit_card,0,0,0
1674,13,one-year,37.55,480.38,1,credit_card,0,0,0
1675,38,one-year,28.86,1014.61,0,credit_card,0,1,0
1676,10,month-to-month,70.08,702.84,3,electronic_check,0,0,1
1677,12,two-year,81.58,989.59,0,bank_transfer,0,0,0
1678,2,one-year,66.4,131.8,2,bank_transfer,0,0,0
1679,53,month-to-month,99.54,4856.87,0,credit_card,0,0,0
1680,49,month-to-month,99.82,4992.93,2,credit_card,0,0,0
1681,61,month-to-month,81.81,4757.14,1,bank_transfer,0,0,0
1682,39,month-to-month,42.59,1650.2,0,bank_transfer,0,0,0
1683,63,two-year,81.59,5276.01,1,electronic_check,0,0,0
1684,2,two-year,128.01,255.18,0,credit_card,0,0,0
1685,39,month-to-month,87.97,3272.76,0,credit_card,0,0,0
1686,64,month-to-month,105.03,6904.07,1,credit_card,0,1,0
1687,1,month-to-month,84.35,84.05,0,electronic_check,0,0,1
1688,36,one-year,86.59,3061.03,0,electronic_check,0,0,0
1689,51,month-to-month,71.7,3776.02,1,credit_card,0,0,1
1690,34,month-to-month,78.27,2782.29,0,credit_card,1,0,0
1691,10,month-to-month,69.92,699.55,2,electronic_check,0,1,0
1692,48,month-to-month,48.09,2238.29,0,credit_card,0,0,1
1693,15,month-to-month,25.71,388.74,4,bank_transfer,0,1,0
1694,57,month-to-month,116.28,6523.52,0,credit_card,0,0,0
1695,1,two-year,35.6,33.24,0,electronic_check,0,0,1
1696,33,two-year,82.16,2555.76,0,bank_transfer,0,0,0
1697,1,two-year,75.09,70.36,2,electronic_check,1,0,0
1698,27,month-to-month,61.84,1658.66,1,credit_card,0,0,1
1699,1,one-year,65.71,62.45,0,electronic_check,0,0,0
1700,54,one-year,64.63,3466.24,3,bank_transfer,0,1,0
1701,6,month-to-month,60.67,377.6,3,bank_transfer,0,0,1
1702,36,two-year,83.49,2888.12,1,credit_card,0,0,0
1703,16,month-to-month,59.45,861.5,0,bank_transfer,0,0,0
1704,27,two-year,43.33,1088.35,1,bank_transfer,0,0,0
1705,47,one-year,80.04,3905.92,4,credit_card,0,0,0
1706,11,one-year,79.13,797.44,1,electronic_check,0,0,1
1707,5,one-year,55.24,259.38,4,credit_card,0,1,1
1708,46,two-year,95.13,4350.69,5,electronic_check,0,0,0
1709,8,one-year,86.28,712.92,0,bank_transfer,0,0,0
1710,1,two-year,36.54,37.16,0,bank_transfer,1,0,0
1711,23,month-to-month,30.14,642.51,4,credit_card,0,0,0
1712,22,month-to-month,121.3,2570.31,4,credit_card,0,0,1
1713,23,month-to-month,77.06,1711.51,0,electronic_check,0,0,1
1714,7,month-to-month,67.88,436.0,2,electronic_check,0,0,0
1715,23,month-to-month,58.7,1300.88,1,credit_card,0,0,1
1716,23,month-to-month,134.57,2939.3,4,electronic_check,1,0,1
1717,1,month-to-month,122.78,116.3,0,credit_card,0,1,0
1718,16,month-to-month,60.64,981.1,1,bank_transfer,1,1,0
1719,24,month-to-month,70.93,1613.83,3,electronic_check,0,0,0
1720,26,month-to-month,51.65,1401.74,1,electronic_check,0,0,0
1721,21,month-to-month,99.69,2146.12,3,credit_card,0,0,1
1722,36,month-to-month,94.37,3515.04,0,bank_transfer,0,1,0
1723,24,month-to-month,70.92,1622.67,2,credit_card,0,1,0
1724,43,month-to-month,15,604.31,0,bank_transfer,0,1,0
1725,1,month-to-month,59.12,59.93,1,bank_transfer,0,0,0
1726,24,two-year,99.87,2418.45,1,bank_transfer,0,0,1
1727,47,month-to-month,83.82,3887.71,0,credit_card,0,0,0
1728,21,month-to-month,91.53,1952.32,0,electronic_check,0,0,0
1729,18,one-year,80.79,1512.22,1,credit_card,0,0,1
1730,30,one-year,75.15,2076.86,4,bank_transfer,0,1,0
1731,42,one-year,73.91,3023.49,1,electronic_check,0,0,0
1732,57,one-year,128.27,7625.29,0,bank_transfer,0,0,0
1733,26,two-year,129.28,3090.03,2,credit_card,1,0,0
1734,1,month-to-month,68.61,66.29,0,credit_card,0,1,1
1735,9,two-year,63.23,568.15,1,credit_card,0,1,0
1736,8,one-year,50.36,366.64,0,bank_transfer,0,1,0
1737,43,month-to-month,71.01,2765.24,1,bank_transfer,0,0,0
1738,36,month-to-month,85.96,2803.08,0,electronic_check,0,0,0
1739,28,month-to-month,147.2,3901.47,2,electronic_check,0,1,0
1740,19,month-to-month,93.14,1747.62,0,bank_transfer,0,0,0
1741,20,one-year,89.13,1858.57,3,credit_card,0,1,0
1742,37,month-to-month,93.92,3513.59,5,electronic_check,0,1,0
1743,17,month-to-month,58.93,994.12,0,bank_transfer,0,1,0
1744,46,month-to-month,58.58,2788.5,0,credit_card,0,0,0
1745,32,month-to-month,67.8,2204.82,2,credit_card,1,0,1
1746,60,month-to-month,88.94,5484.32,2,electronic_check,0,0,0
1747,32,month-to-month,81.64,2548.43,3,bank_transfer,0,0,0
1748,23,two-year,56.0,1169.69,0,credit_card,0,0,0
1749,30,month-to-month,120.8,3342.52,2,credit_card,1,0,1
1750,1,one-year,83.99,80.19,1,bank_transfer,0,1,0
1751,22,month-to-month,81.0,1629.28,0,electronic_check,0,0,1
1752,7,month-to-month,28.13,181.57,0,bank_transfer,0,1,0
1753,33,month-to-month,109.72,3733.21,3,bank_transfer,1,0,0
1754,3,two-year,72.34,225.6,4,credit_card,0,1,0
1755,1,month-to-month,63.41,60.86,4,electronic_check,0,1,1
1756,77,month-to-month,16.06,1276.0,1,credit_card,0,0,0
1757,30,month-to-month,81.14,2531.64,0,electronic_check,1,0,0
1758,18,one-year,58.85,994.6,2,bank_transfer,0,1,0
1759,1,month-to-month,127.43,128.95,5,bank_transfer,0,0,0
1760,21,one-year,95.28,2008.05,1,electronic_check,0,0,0
1761,22,month-to-month,113.53,2296.9,2,credit_card,1,0,1
1762,14,two-year,83.46,1055.1,4,credit_card,0,0,1
1763,37,one-year,66.6,2225.15,0,electronic_check,1,1,0
1764,7,month-to-month,47.96,327.06,4,credit_card,0,0,1
1765,16,month-to-month,102.78,1666.16,5,bank_transfer,0,1,1
1766,18,one-year,54.2,955.51,1,bank_transfer,1,0,0
1767,37,month-to-month,109.17,4071.92,2,credit_card,0,1,0
1768,30,one-year,63.64,1973.26,1,bank_transfer,0,0,0
1769,13,month-to-month,115.6,1441.0,4,bank_transfer,1,0,1
1770,46,month-to-month,95.7,4206.98,1,bank_transfer,0,1,0
1771,59,month-to-month,47.08,2637.25,3,electronic_check,0,0,0
1772,56,month-to-month,40.03,2180.61,3,credit_card,0,0,0
1773,41,month-to-month,70.63,2915.85,1,credit_card,0,0,0
1774,22,two-year,26.18,564.82,4,credit_card,0,0,0
1775,38,one-year,96.71,3776.65,3,electronic_check,0,0,0
1776,30,month-to-month,101.41,2779.45,0,bank_transfer,0,0,1
1777,24,month-to-month,93.06,2077.99,3,electronic_check,0,1,1
1778,41,two-year,88.54,3763.87,3,electronic_check,0,0,1
1779,45,month-to-month,81.13,3772.18,2,electronic_check,0,0,0
1780,1,one-year,94.89,88.34,4,electronic_check,0,1,0
1781,1,month-to-month,84.72,81.83,1,bank_transfer,0,0,1
1782,25,month-to-month,95.5,2300.67,1,bank_transfer,0,0,0
1783,25,one-year,49.04,1273.2,0,electronic_check,0,0,0
1784,3,two-year,54.11,168.69,0,bank_transfer,1,0,0
1785,17,one-year,25.18,427.77,0,bank_transfer,0,0,0
1786,46,one-year,77.16,3485.76,3,credit_card,0,0,0
1787,1,two-year,94.03,95.69,0,bank_transfer,0,0,0
1788,28,two-year,48.49,1399.52,1,bank_transfer,1,0,0
1789,22,month-to-month,87.47,2016.12,3,credit_card,1,1,0
1790,54,two-year,66.09,3312.76,2,bank_transfer,0,0,0
1791,13,two-year,113.08,1489.45,1,electronic_check,1,0,0
1792,1,month-to-month,44.42,43.7,1,credit_card,0,0,1
1793,18,two-year,90.78,1592.21,2,credit_card,0,0,0
1794,13,month-to-month,89.51,1173.24,2,credit_card,0,0,0
1795,61,one-year,32.33,1797.53,2,credit_card,0,0,0
1796,3,two-year,20.28,60.88,4,credit_card,0,0,1
1797,1,month-to-month,78.2,70.68,0,credit_card,0,0,1
1798,22,one-year,77.88,1720.07,1,credit_card,0,1,0
1799,11,month-to-month,79.99,842.27,3,bank_transfer,0,0,1
1800,11,month-to-month,48.53,534.61,2,credit_card,1,0,0
1801,43,month-to-month,79.17,3476.68,0,credit_card,0,0,0
1802,13,two-year,59.96,777.25,2,credit_card,0,1,0
1803,40,month-to-month,50.33,1953.0,4,credit_card,1,1,1
1804,9,month-to-month,89.36,805.06,2,credit_card,0,0,1
1805,25,two-year,65.86,1690.43,0,credit_card,0,0,0
1806,47,month-to-month,99.21,4251.48,0,bank_transfer,1,0,0
1807,62,one-year,58.21,3764.11,0,credit_card,1,0,0
1808,1,month-to-month,74.93,68.94,4,bank_transfer,0,0,0
1809,23,month-to-month,74.11,1625.44,1,bank_transfer,0,0,0
1810,15,two-year,76.37,1102.08,4,credit_card,0,1,1
1811,45,one-year,98.83,4322.94,1,credit_card,0,0,0
1812,1,month-to-month,119.11,121.52,5,credit_card,0,1,1
1813,53,month-to-month,56.82,2948.3,1,credit_card,0,0,0
1814,36,month-to-month,15,544.62,0,credit_card,0,0,0
1815,3,month-to-month,69.51,189.93,0,bank_transfer,0,0,0
1816,22,month-to-month,23.46,465.15,2,bank_transfer,0,1,0
1817,24,month-to-month,82.47,2031.56,0,credit_card,0,0,1
1818,26,month-to-month,69.13,1660.82,1,electronic_check,0,0,1
1819,4,month-to-month,58.3,235.81,5,bank_transfer,0,0,0
1820,10,month-to-month,59.32,603.79,4,bank_transfer,0,0,0
1821,1,month-to-month,79.21,78.07,1,electronic_check,0,0,0
1822,24,month-to-month,92.08,2064.95,1,bank_transfer,0,0,1
1823,27,month-to-month,67.61,1736.3,4,credit_card,1,0,0
1824,36,one-year,64.07,2369.72,5,electronic_check,0,1,0
1825,25,one-year,56.89,1428.81,1,credit_card,0,0,0
1826,19,month-to-month,54.55,1044.22,0,credit_card,0,1,0
1827,28,two-year,53.22,1360.19,1,electronic_check,0,0,0
1828,12,two-year,68.43,749.9,1,bank_transfer,0,0,0
1829,24,month-to-month,122.27,3061.94,0,credit_card,0,0,0
1830,29,month-to-month,59.59,1690.45,3,bank_transfer,1,0,1
1831,18,month-to-month,74.44,1308.68,3,electronic_check,0,0,0
1832,69,one-year,26.62,1701.85,1,electronic_check,0,0,0
1833,36,two-year,28.82,979.4,0,credit_card,0,0,0
1834,32,one-year,64.64,2130.94,0,electronic_check,0,0,0
1835,1,month-to-month,78.04,71.59,1,credit_card,0,1,0
1836,28,month-to-month,61.5,1802.66,2,electronic_check,0,0,1
1837,21,one-year,104.8,2069.46,0,bank_transfer,0,0,0
1838,47,month-to-month,97.22,4781.65,4,credit_card,0,1,1
1839,26,two-year,89.71,2353.95,2,bank_transfer,0,1,0
1840,56,month-to-month,39.81,2218.25,3,electronic_check,0,1,0
1841,44,month-to-month,64.31,2902.66,1,bank_transfer,1,0,0
1842,56,month-to-month,58.05,3131.66,0,credit_card,0,0,0
1843,43,month-to-month,36.95,1568.32,1,credit_card,0,0,0
1844,13,two-year,107.07,1297.21,4,bank_transfer,0,0,0
1845,10,two-year,38.91,378.67,5,electronic_check,0,0,1
1846,20,one-year,43.86,890.48,2,credit_card,0,0,0
1847,35,one-year,77.61,2623.82,5,credit_card,0,0,1
1848,32,one-year,61.18,1789.27,3,electronic_check,0,0,0
1849,41,one-year,59.67,2530.52,1,electronic_check,0,1,0
1850,11,one-year,65.94,746.56,5,bank_transfer,0,0,0
1851,29,two-year,43.42,1197.45,2,electronic_check,0,0,0
1852,7,two-year,68.66,454.99,0,electronic_check,0,0,0
1853,7,two-year,77.28,489.15,4,credit_card,0,1,0
1854,4,month-to-month,70.16,263.48,1,electronic_check,0,0,1
1855,31,one-year,112.9,3357.59,4,bank_transfer,0,0,0
1856,24,month-to-month,55.59,1375.02,2,electronic_check,1,0,0
1857,24,month-to-month,71.17,1583.46,2,bank_transfer,0,0,1
1858,2,month-to-month,44.51,81.7,3,bank_transfer,0,0,0
1859,31,two-year,21.89,614.49,5,electronic_check,0,0,0
1860,13,month-to-month,73.57,987.15,1,credit_card,0,0,0
1861,21,one-year,103.02,2000.95,2,electronic_check,0,1,1
1862,1,month-to-month,62.94,56.86,5,bank_transfer,0,0,0
1863,54,one-year,98.62,5585.91,0,credit_card,0,0,0
1864,2,month-to-month,52.58,99.78,2,credit_card,0,0,0
1865,22,month-to-month,90.2,2071.54,0,bank_transfer,0,0,0
1866,23,month-to-month,80.54,1827.7,3,electronic_check,1,0,1
1867,13,one-year,84.57,1133.42,0,credit_card,0,0,0
1868,14,two-year,133.62,1838.66,0,bank_transfer,0,1,0
1869,26,month-to-month,44.71,1194.67,1,bank_transfer,0,0,1
1870,28,one-year,87.57,2262.24,1,credit_card,0,0,0
1871,1,month-to-month,61.94,57.36,0,electronic_check,0,0,1
1872,1,two-year,57.39,54.21,0,electronic_check,0,1,0
1873,23,one-year,56.15,1274.65,4,bank_transfer,0,0,0
1874,5,month-to-month,59.85,306.93,2,credit_card,0,1,1
1875,37,one-year,58.39,2044.38,0,electronic_check,1,1,0
1876,43,month-to-month,59.69,2572.51,3,credit_card,0,0,0
1877,54,two-year,123.75,6548.92,0,credit_card,1,0,0
1878,33,month-to-month,78.07,2513.63,0,credit_card,0,0,0
1879,11,month-to-month,75.88,801.07,0,credit_card,0,0,0
1880,38,one-year,63.56,2212.25,1,credit_card,1,0,0
1881,1,two-year,72.4,70.23,0,bank_transfer,0,1,0
1882,39,two-year,82.67,3008.38,0,credit_card,0,1,0
1883,23,month-to-month,67.98,1540.04,0,credit_card,0,0,1
1884,34,month-to-month,94.63,2900.58,0,credit_card,1,0,0
1885,17,month-to-month,69.99,1146.28,2,credit_card,0,1,0
1886,53,two-year,35.66,1745.92,1,electronic_check,0,0,0
1887,22,one-year,85.05,1845.73,0,bank_transfer,0,0,0
1888,53,month-to-month,42.56,2360.67,2,bank_transfer,0,0,0
1889,1,month-to-month,78.55,73.56,0,credit_card,0,1,0
1890,52,two-year,60.31,3029.16,1,electronic_check,0,1,0
1891,2,one-year,56.88,109.27,5,credit_card,0,0,1
1892,47,month-to-month,83.69,4094.45,2,credit_card,0,0,1
1893,1,month-to-month,64.54,65.98,4,credit_card,0,0,1
1894,12,two-year,73.11,817.47,0,bank_transfer,0,0,0
1895,3,one-year,46.81,139.78,3,credit_card,0,0,1
1896,10,two-year,99.33,1042.1,1,bank_transfer,1,0,0
1897,28,one-year,113.86,3265.45,1,electronic_check,0,0,0
1898,43,two-year,105.59,4622.38,4,electronic_check,0,1,0
1899,17,one-year,62.62,1100.19,1,credit_card,0,1,0
1900,24,month-to-month,42.14,916.42,0,credit_card,0,0,0
1901,32,month-to-month,52.4,1658.49,0,bank_transfer,1,1,0
1902,1,month-to-month,100.08,91.32,0,credit_card,0,0,0
1903,61,month-to-month,27.8,1585.51,5,electronic_check,0,0,0
1904,5,two-year,74.98,369.96,0,electronic_check,0,0,0
1905,65,two-year,74.81,5007.21,0,electronic_check,1,1,0
1906,22,one-year,80.35,1607.72,2,bank_transfer,0,1,0
1907,30,two-year,99.3,3097.32,2,electronic_check,0,0,0
1908,1,one-year,63.18,63.72,0,credit_card,0,0,0
1909,31,two-year,37.97,1202.17,4,bank_transfer,0,0,0
1910,24,month-to-month,64.55,1516.87,4,credit_card,0,0,1
1911,21,two-year,94.6,1953.07,3,credit_card,0,0,0
1912,1,month-to-month,62.76,57.22,3,credit_card,1,0,0
1913,14,one-year,36.72,471.78,4,bank_transfer,0,1,0
1914,1,two-year,77.7,72.06,0,bank_transfer,0,0,0
1915,24,one-year,50.64,1149.72,2,bank_transfer,0,0,0
1916,9,one-year,61.31,532.82,2,bank_transfer,0,0,1
1917,1,two-year,71.93,69.95,2,electronic_check,0,1,1
1918,69,two-year,111.6,7454.05,1,electronic_check,0,0,0
1919,45,two-year,68.62,3204.77,1,credit_card,0,1,0
1920,15,two-year,74.28,1091.21,1,credit_card,0,0,1
1921,1,one-year,118.54,114.98,4,credit_card,0,0,0
1922,27,month-to-month,101.95,2792.78,1,credit_card,0,0,0
1923,16,one-year,80.23,1267.98,2,electronic_check,0,1,0
1924,1,month-to-month,45.69,46.8,1,bank_transfer,0,0,1
1925,5,month-to-month,72.7,353.82,2,credit_card,1,0,0
1926,60,one-year,43.17,2622.58,0,electronic_check,0,0,0
1927,6,month-to-month,67.92,373.61,0,credit_card,0,0,1
1928,17,month-to-month,68.63,1128.05,3,credit_card,0,0,0
1929,31,month-to-month,50.87,1476.62,3,electronic_check,0,1,0
1930,24,one-year,80.15,1900.95,2,credit_card,0,0,0
1931,33,month-to-month,18.21,562.01,0,electronic_check,0,1,0
1932,6,one-year,15,83.4,2,electronic_check,1,0,0
1933,21,month-to-month,50.8,1038.35,0,bank_transfer,0,1,0
1934,38,month-to-month,64.58,2275.67,0,bank_transfer,0,0,0
1935,26,month-to-month,98.4,2472.85,4,electronic_check,0,0,1
1936,13,month-to-month,137.22,1704.11,5,electronic_check,0,1,1
1937,39,one-year,81.58,3201.52,2,bank_transfer,0,1,0
1938,11,month-to-month,104.91,1050.09,0,credit_card,0,1,0
1939,1,one-year,85.56,88.01,0,credit_card,0,0,0
1940,24,month-to-month,81.61,1836.3,1,electronic_check,0,1,0
1941,25,one-year,86.24,1984.78,1,credit_card,0,0,0
1942,26,two-year,56.52,1373.1,0,bank_transfer,0,1,0
1943,17,month-to-month,77.03,1232.03,2,credit_card,0,0,0
1944,37,month-to-month,103.85,4009.46,0,credit_card,0,0,0
1945,11,month-to-month,63.98,734.0,1,bank_transfer,0,0,1
1946,34,month-to-month,61.7,2164.02,1,credit_card,0,0,1
1947,31,month-to-month,83.77,2658.4,4,bank_transfer,0,0,0
1948,36,month-to-month,67.4,2516.4,1,credit_card,0,0,0
1949,27,month-to-month,46.64,1210.82,4,credit_card,0,0,0
1950,39,month-to-month,38.13,1395.82,5,credit_card,0,0,0
1951,42,month-to-month,73.82,3101.35,5,credit_card,1,0,0
1952,20,month-to-month,39.92,777.19,2,electronic_check,0,1,1
1953,8,one-year,87.4,705.27,3,credit_card,0,0,0
1954,35,two-year,57.23,2042.65,2,bank_transfer,0,0,0
1955,18,one-year,81.43,1526.84,0,credit_card,1,0,0
1956,38,one-year,56.45,2012.38,1,electronic_check,0,0,0
1957,22,two-year,59.31,1175.56,2,credit_card,0,0,0
1958,22,one-year,45.9,973.35,2,bank_transfer,0,0,0
1959,10,one-year,114.25,1031.04,1,bank_transfer,0,0,0
1960,37,one-year,85.81,3251.16,0,bank_transfer,0,1,0
1961,51,month-to-month,51.23,2609.01,0,electronic_check,0,0,0
1962,7,month-to-month,110.9,744.31,0,electronic_check,0,1,1
1963,32,one-year,62.03,1918.32,2,credit_card,1,0,0
1964,44,one-year,55.65,2496.45,1,electronic_check,0,0,0
1965,36,one-year,67.67,2413.39,5,bank_transfer,0,0,0
1966,30,month-to-month,37.91,1123.33,1,credit_card,0,0,0
1967,12,month-to-month,71.96,850.0,1,credit_card,1,1,0
1968,27,month-to-month,74.89,1892.84,2,bank_transfer,0,0,1
1969,45,one-year,90.64,3915.11,0,credit_card,0,0,0
1970,8,one-year,89.16,737.5,1,electronic_check,0,0,0
1971,47,month-to-month,52.39,2282.98,0,credit_card,0,0,0
1972,24,month-to-month,112.95,2463.9,4,bank_transfer,0,0,1
1973,64,month-to-month,109.85,6376.47,1,credit_card,0,1,0
1974,1,two-year,53.57,50.58,1,credit_card,0,0,0
1975,35,two-year,84.69,3069.3,0,credit_card,0,0,0
1976,34,two-year,66.74,2349.65,0,bank_transfer,0,0,0
1977,13,one-year,86.43,1168.76,0,bank_transfer,0,0,1
1978,10,month-to-month,52.3,473.3,4,credit_card,1,1,0
1979,49,month-to-month,70.92,3482.92,0,credit_card,0,1,0
1980,31,one-year,39.66,1220.78,0,bank_transfer,0,0,0
1981,14,one-year,48.42,621.23,1,credit_card,0,0,0
1982,25,two-year,57.78,1355.72,2,credit_card,0,0,0
1983,1,two-year,98.97,98.92,0,credit_card,0,1,0
1984,13,two-year,75.28,1026.45,1,bank_transfer,1,0,0
1985,17,one-year,87.35,1461.28,5,credit_card,0,1,0
1986,12,one-year,68.36,740.12,0,credit_card,0,1,0
1987,4,month-to-month,77.19,318.63,0,credit_card,0,1,0
1988,37,one-year,30.34,1088.39,2,credit_card,0,1,0
1989,44,one-year,71.11,3150.22,3,bank_transfer,0,0,0
1990,31,one-year,78.26,2234.0,5,electronic_check,0,1,0
1991,32,one-year,45.74,1518.02,2,credit_card,0,1,0
1992,10,two-year,48.66,445.81,5,credit_card,0,0,1
1993,44,month-to-month,42.67,1810.67,4,bank_transfer,0,0,1
1994,15,month-to-month,32.28,464.01,0,electronic_check,0,0,0
1995,1,month-to-month,71.6,65.16,0,credit_card,1,0,1
1996,16,one-year,71.4,1096.9,3,credit_card,0,0,0
1997,1,month-to-month,90.42,94.44,3,electronic_check,0,1,1
1998,12,month-to-month,83.71,995.5,1,credit_card,0,0,1
1999,34,month-to-month,88.48,3046.41,0,credit_card,0,0,0
2000,5,month-to-month,74.39,371.03,5,electronic_check,0,0,1
